,Name,League,Goals,Assists,Non-Penalty Goals,xG: Expected Goals,npxG: Non-Penalty xG,xAG: Exp. Assisted Goals,Progressive Carries,Progressive Passes,Progressive Passes Rec,Shots Total,Shots on Target,Goals/Shot,npxG/Shot,xA: Expected Assists,Key Passes,Through Balls,Crosses,Shot-Creating Actions,Goal-Creating Actions,Shots on Target,Touches (Att 3rd),Touches (Att Pen)
0,Dan Ndoye,seriea,0.27,0.09,0.21,0.28,0.23,0.11,5.17,3.10,8.82,2.13,0.58,0.10,0.11,0.10,1.19,0.24,0.15,3.53,0.27,0.58,22.39,4.41
1,Daniel Mosquera,seriea,0.37,0.07,0.37,0.46,0.46,0.10,1.19,1.72,5.37,3.73,0.97,0.10,0.13,0.07,0.89,0.07,0.00,2.98,0.22,0.97,15.29,5.07
2,Daniel Fila,seriea,0.20,0.00,0.20,0.31,0.31,0.06,1.97,1.57,5.90,2.16,0.98,0.09,0.15,0.08,1.18,0.00,0.00,3.14,0.00,0.98,16.70,5.11
3,Alejandro Jimenez,seriea,0.00,0.00,0.00,0.06,0.06,0.10,4.55,3.34,5.94,0.93,0.37,0.00,0.06,0.12,0.93,0.19,0.37,2.79,0.19,0.37,20.06,2.41
4,Charles De Ketelaere,seriea,0.36,0.39,0.33,0.31,0.28,0.36,4.89,5.27,9.53,2.16,1.02,0.15,0.13,0.25,1.98,0.66,0.51,4.08,0.63,1.02,29.31,5.84
5,Santiago Pierotti,seriea,0.20,0.15,0.20,0.14,0.14,0.09,2.10,1.65,4.34,1.65,0.45,0.12,0.09,0.05,1.15,0.10,0.15,2.50,0.10,0.45,13.28,3.94
6,Assane Diao,seriea,0.53,0.18,0.53,0.28,0.28,0.11,3.47,2.18,8.42,2.06,0.82,0.26,0.14,0.06,0.94,0.00,0.06,2.24,0.35,0.82,20.07,4.53
7,Paulo Dybala,seriea,0.33,0.18,0.18,0.39,0.28,0.31,2.64,4.99,7.55,3.07,0.87,0.06,0.09,0.32,2.53,0.29,0.18,5.13,0.51,0.87,27.93,4.55
8,Sebastiano Esposito,seriea,0.36,0.00,0.31,0.25,0.17,0.09,1.34,3.72,3.85,2.38,0.76,0.13,0.07,0.09,1.39,0.27,0.13,3.18,0.22,0.76,18.74,3.90
9,Darko Lazovic,seriea,0.10,0.20,0.00,0.15,0.07,0.27,1.53,2.45,5.92,1.12,0.26,0.00,0.06,0.15,1.22,0.10,0.51,1.73,0.31,0.26,17.60,2.04
10,Federico Dimarco,seriea,0.14,0.28,0.14,0.13,0.13,0.30,1.97,3.38,9.42,2.31,0.79,0.06,0.06,0.26,2.24,0.14,0.73,4.32,0.55,0.79,27.83,3.56
11,Teun Koopmeiners,seriea,0.11,0.14,0.11,0.17,0.17,0.17,1.77,4.07,5.32,1.77,0.42,0.06,0.10,0.17,1.72,0.17,0.28,3.10,0.22,0.42,21.07,2.33
12,Riccardo Orsolini,seriea,0.53,0.13,0.40,0.38,0.28,0.17,2.85,3.78,9.17,3.34,1.16,0.12,0.08,0.15,1.47,0.18,0.53,2.98,0.18,1.16,23.50,4.14
13,Fabio Miretti,seriea,0.15,0.15,0.15,0.18,0.18,0.10,1.77,3.08,5.36,1.42,0.30,0.11,0.12,0.11,1.16,0.25,0.10,2.88,0.30,0.30,17.09,2.98
14,Tommaso Augello,seriea,0.00,0.21,0.00,0.01,0.01,0.16,2.06,4.01,4.19,0.25,0.00,0.00,0.04,0.17,1.35,0.04,1.06,2.45,0.25,0.00,19.33,0.35
15,Christian Gytkjaer,seriea,0.31,0.00,0.16,0.30,0.17,0.03,0.31,0.78,5.79,1.72,0.47,0.09,0.10,0.03,0.78,0.00,0.00,1.57,0.31,0.47,11.58,3.13
16,Eldor Shomurodov,seriea,0.42,0.21,0.42,0.52,0.52,0.10,1.55,1.91,6.07,2.96,1.06,0.14,0.17,0.09,1.20,0.07,0.00,2.33,0.49,1.06,21.39,5.58
17,Iker Bravo,seriea,0.32,0.16,0.32,0.13,0.13,0.06,0.64,2.40,5.12,1.76,0.48,0.18,0.08,0.06,0.96,0.16,0.00,2.08,0.00,0.48,19.22,3.52
18,Milan Djuric,seriea,0.35,0.05,0.35,0.22,0.22,0.06,0.10,1.39,2.43,1.88,0.74,0.18,0.12,0.02,0.35,0.00,0.00,0.74,0.10,0.74,9.31,2.97
19,Samuel Mbangula,seriea,0.39,0.29,0.39,0.13,0.13,0.19,3.19,2.32,6.68,1.16,0.77,0.33,0.11,0.15,1.65,0.00,0.58,2.52,0.48,0.77,21.58,2.90
20,Zito Luvumbo,seriea,0.12,0.06,0.12,0.13,0.13,0.12,3.96,1.56,7.32,1.62,0.36,0.07,0.08,0.07,0.84,0.00,0.30,2.28,0.18,0.36,16.67,4.20
21,Tammy Abraham,seriea,0.32,0.27,0.27,0.51,0.42,0.16,1.08,2.00,5.52,2.06,0.92,0.13,0.20,0.09,1.14,0.32,0.00,2.27,0.65,0.92,12.45,4.87
22,Pedro,seriea,0.49,0.24,0.44,0.32,0.28,0.16,3.52,4.54,6.06,2.15,0.98,0.20,0.13,0.17,1.51,0.59,0.15,3.81,0.39,0.98,22.62,4.25
23,Matteo Politano,seriea,0.10,0.13,0.10,0.13,0.11,0.17,4.04,4.50,8.80,1.97,0.46,0.05,0.06,0.18,1.87,0.03,0.76,3.58,0.36,0.46,25.69,2.63
24,Matias Soule,seriea,0.20,0.08,0.16,0.21,0.18,0.21,4.54,5.07,7.85,2.53,0.82,0.06,0.07,0.16,2.04,0.20,0.49,5.03,0.37,0.82,33.39,3.88
25,Albert Gudmundsson,seriea,0.48,0.07,0.34,0.33,0.23,0.13,2.53,2.80,4.03,1.71,0.75,0.20,0.13,0.08,1.16,0.14,0.07,2.53,0.27,0.75,16.06,2.19
26,Lameck Banda,seriea,0.00,0.16,0.00,0.14,0.14,0.16,4.08,1.10,6.43,2.35,0.63,0.00,0.06,0.13,1.57,0.31,0.94,3.14,0.16,0.63,18.03,3.14
27,Gaetano Castrovilli,seriea,0.11,0.21,0.11,0.08,0.08,0.13,2.57,3.65,4.72,1.29,0.21,0.08,0.06,0.08,1.18,0.21,0.11,2.47,0.64,0.21,15.66,2.36
28,Lazar Samardzic,seriea,0.24,0.10,0.19,0.23,0.19,0.26,3.88,5.71,7.24,2.73,0.91,0.07,0.07,0.29,3.16,0.38,0.19,6.66,0.58,0.91,34.24,3.69
29,Walid Cheddira,seriea,0.17,0.09,0.17,0.24,0.24,0.12,1.57,1.49,6.82,2.36,0.79,0.07,0.10,0.04,0.96,0.00,0.00,2.54,0.44,0.79,13.82,5.42
30,John Yeboah,seriea,0.11,0.11,0.11,0.24,0.24,0.11,2.71,2.60,6.72,2.39,0.98,0.05,0.10,0.10,1.41,0.33,0.00,3.36,0.22,0.98,23.10,3.69
31,Junior Messias,seriea,0.16,0.16,0.16,0.31,0.17,0.05,3.30,3.46,5.51,2.05,0.63,0.08,0.08,0.05,0.79,0.00,0.16,2.83,0.31,0.63,17.31,2.05
32,Arthur Atta,seriea,0.00,0.09,0.00,0.08,0.08,0.13,2.23,4.09,5.67,1.86,0.56,0.00,0.04,0.10,1.39,0.00,0.28,3.63,0.09,0.56,19.99,2.60
33,Che Adams,seriea,0.33,0.13,0.33,0.27,0.23,0.08,0.79,1.38,5.13,1.96,0.83,0.17,0.12,0.12,1.00,0.17,0.00,2.34,0.21,0.83,12.31,3.13
34,Pietro Pellegri,seriea,0.60,0.15,0.60,0.11,0.11,0.14,2.71,1.81,6.63,1.66,0.75,0.36,0.06,0.05,1.51,0.00,0.00,3.02,0.45,0.75,14.32,3.17
35,Nikola Vlasic,seriea,0.19,0.19,0.15,0.11,0.07,0.10,2.32,4.21,4.83,1.26,0.44,0.12,0.06,0.09,1.06,0.15,0.15,2.76,0.39,0.44,18.03,2.47
36,Santiago Gimenez,seriea,0.71,0.18,0.62,0.63,0.49,0.09,1.50,1.06,4.32,2.47,1.15,0.25,0.20,0.06,0.88,0.18,0.09,2.03,0.35,1.15,12.08,4.32
37,Christian Pulisic,seriea,0.42,0.31,0.34,0.37,0.28,0.23,4.21,4.12,7.40,1.99,0.90,0.17,0.14,0.24,2.47,0.53,0.39,4.40,0.53,0.90,26.64,4.49
38,Dailon Livramento,seriea,0.10,0.10,0.10,0.19,0.19,0.09,2.38,1.34,5.99,1.34,0.41,0.08,0.14,0.08,0.83,0.00,0.10,1.86,0.31,0.41,15.91,3.82
39,Timothy Weah,seriea,0.24,0.12,0.24,0.14,0.14,0.11,2.96,3.29,6.49,1.06,0.49,0.23,0.14,0.09,1.06,0.12,0.41,2.19,0.12,0.49,20.05,1.83
40,Yann Karamoh,seriea,0.00,0.08,0.00,0.09,0.09,0.08,2.98,2.12,6.51,1.96,0.47,0.00,0.05,0.09,0.94,0.16,0.08,2.12,0.16,0.47,17.09,4.00
41,Patrick Cutrone,seriea,0.30,0.15,0.30,0.30,0.26,0.10,2.22,1.28,6.61,2.86,1.09,0.10,0.09,0.09,0.89,0.00,0.10,2.22,0.25,1.09,16.92,5.08
42,Junior Sambia,seriea,0.13,0.25,0.13,0.06,0.06,0.08,1.50,3.63,4.01,1.63,0.25,0.08,0.04,0.06,1.13,0.13,0.63,2.38,0.25,0.25,15.90,1.38
43,Tomas Suslov,seriea,0.08,0.04,0.08,0.10,0.10,0.14,1.87,3.70,3.65,1.66,0.47,0.05,0.06,0.09,1.32,0.17,0.08,3.53,0.21,0.47,14.10,1.27
44,Ola Solbakken,seriea,0.00,0.00,0.00,0.11,0.11,0.06,2.13,2.27,3.84,0.43,0.43,0.00,0.25,0.03,1.14,0.14,0.14,1.42,0.14,0.43,10.95,1.99
45,Keita Balde,seriea,0.19,0.00,0.19,0.10,0.10,0.00,2.72,4.27,4.46,1.94,0.39,0.10,0.05,0.06,0.39,0.00,0.39,3.30,0.00,0.39,15.32,1.94
46,Andrea Pinamonti,seriea,0.28,0.03,0.25,0.26,0.21,0.05,0.56,1.41,4.42,2.51,0.75,0.10,0.08,0.04,0.44,0.13,0.06,1.47,0.16,0.75,11.63,4.01
47,Valentin Castellanos,seriea,0.41,0.16,0.35,0.49,0.42,0.10,1.34,2.39,5.89,3.59,1.18,0.10,0.12,0.09,0.86,0.25,0.06,2.80,0.51,1.18,16.35,6.04
48,Christian Kouame,seriea,0.07,0.07,0.07,0.28,0.28,0.15,0.93,2.14,7.08,2.00,0.47,0.03,0.14,0.10,1.20,0.07,0.13,3.27,0.00,0.47,19.43,4.81
49,Silvere Ganvoula MBoussy,seriea,0.11,0.00,0.11,0.22,0.22,0.03,1.22,0.89,4.43,1.88,0.78,0.06,0.12,0.01,0.22,0.00,0.00,1.11,0.00,0.78,11.31,3.10
50,Giacomo Raspadori,seriea,0.41,0.10,0.41,0.35,0.35,0.27,1.24,3.61,5.05,3.51,1.24,0.12,0.10,0.21,2.78,0.21,0.21,5.36,0.31,1.24,23.09,4.54
51,Boulaye Dia,seriea,0.38,0.11,0.38,0.27,0.27,0.16,1.03,2.02,4.61,1.56,0.91,0.24,0.18,0.07,1.03,0.31,0.04,2.33,0.31,0.91,13.04,3.66
52,Anastasios Douvikas,seriea,0.50,0.07,0.50,0.50,0.50,0.06,1.07,1.00,5.97,2.20,1.14,0.23,0.23,0.04,0.57,0.07,0.00,1.71,0.14,1.14,14.29,4.41
53,Amin Sarr,seriea,0.24,0.06,0.24,0.14,0.14,0.12,1.53,1.88,4.89,1.18,0.35,0.20,0.12,0.05,1.12,0.06,0.06,2.18,0.12,0.35,15.54,3.00
54,Emmanuel Gyasi,seriea,0.06,0.06,0.06,0.11,0.11,0.04,0.54,1.38,2.85,0.54,0.20,0.11,0.20,0.05,0.42,0.06,0.17,0.99,0.14,0.20,10.16,1.38
55,Nikola Krstovic,seriea,0.34,0.09,0.29,0.37,0.31,0.09,1.29,1.83,4.72,4.01,1.06,0.07,0.08,0.05,0.89,0.14,0.00,2.49,0.14,1.06,15.59,4.78
56,Loum Tchaouna,seriea,0.16,0.05,0.16,0.23,0.23,0.11,3.04,3.10,7.61,2.93,0.87,0.06,0.08,0.13,1.47,0.11,0.27,3.26,0.54,0.87,23.21,4.13
57,Vitinha,seriea,0.08,0.16,0.08,0.15,0.15,0.23,2.44,1.22,5.61,2.69,0.49,0.03,0.06,0.11,0.98,0.16,0.41,3.01,0.16,0.49,16.52,3.99
58,Denzel Dumfries,seriea,0.24,0.07,0.24,0.22,0.21,0.13,2.35,2.25,7.75,1.66,0.69,0.15,0.13,0.12,0.90,0.03,0.48,2.25,0.21,0.69,20.27,4.15
59,Roberto Piccoli,seriea,0.25,0.03,0.22,0.35,0.33,0.04,0.87,1.06,4.78,2.73,0.84,0.08,0.12,0.02,0.43,0.00,0.00,1.58,0.16,0.84,11.09,4.23
60,Andrea Belotti,seriea,0.42,0.00,0.42,0.37,0.37,0.09,1.04,1.35,5.09,2.60,0.62,0.16,0.15,0.04,1.14,0.21,0.10,2.49,0.10,0.62,12.06,3.95
61,Elif Elmas,seriea,0.46,0.00,0.46,0.22,0.22,0.06,2.20,2.55,4.87,2.20,0.93,0.21,0.10,0.07,1.04,0.12,0.23,2.67,0.23,0.93,16.12,3.71
62,Abdou Harroui,seriea,0.14,0.42,0.14,0.45,0.45,0.14,5.22,4.66,6.35,3.39,0.99,0.04,0.14,0.17,0.99,0.28,0.28,3.67,0.71,0.99,20.45,3.67
63,Gustav Isaksen,seriea,0.21,0.18,0.21,0.22,0.22,0.14,3.97,1.63,9.74,2.41,0.92,0.09,0.09,0.16,1.56,0.11,0.53,3.89,0.46,0.92,25.70,5.52
64,Duvan Zapata,seriea,0.37,0.00,0.37,0.40,0.40,0.05,1.49,1.21,5.49,3.07,1.02,0.12,0.13,0.05,0.84,0.00,0.09,2.05,0.09,1.02,15.34,5.21
65,Benjamin Dominguez,seriea,0.25,0.17,0.25,0.18,0.18,0.03,3.88,2.47,8.91,2.31,1.32,0.11,0.08,0.07,0.58,0.17,0.08,2.80,0.50,1.32,24.67,3.88
66,Samuel Chukwueze,seriea,0.21,0.14,0.21,0.22,0.22,0.29,5.02,3.77,13.53,3.00,0.77,0.07,0.07,0.27,2.65,0.42,0.49,5.16,0.35,0.77,31.74,5.58
67,Caleb Ekuban,seriea,0.25,0.37,0.25,0.36,0.36,0.09,0.87,1.37,7.09,2.49,0.99,0.10,0.15,0.02,0.99,0.00,0.00,1.99,0.37,0.99,14.05,3.98
68,Lorenzo Colombo,seriea,0.21,0.08,0.17,0.24,0.21,0.12,1.06,1.82,4.77,2.15,0.72,0.08,0.10,0.04,0.84,0.13,0.08,2.11,0.13,0.72,14.31,3.46
69,Valentino Lazaro,seriea,0.00,0.33,0.00,0.04,0.04,0.16,1.41,2.81,4.88,0.58,0.08,0.00,0.06,0.15,1.24,0.00,0.62,1.94,0.41,0.08,20.15,0.95
70,Ruslan Malinovskyi,seriea,0.20,0.40,0.20,0.10,0.10,0.32,0.79,7.71,2.18,2.37,0.99,0.08,0.04,0.16,1.78,1.58,0.00,3.56,0.40,0.99,15.82,0.20
71,Joel Pohjanpalo,seriea,0.34,0.00,0.17,0.42,0.24,0.10,0.51,1.63,4.04,1.91,0.73,0.09,0.13,0.06,0.84,0.17,0.00,1.85,0.17,0.73,10.50,3.71
72,Yunus Musah,seriea,0.00,0.08,0.00,0.09,0.09,0.10,3.10,4.61,4.82,1.22,0.21,0.00,0.08,0.08,1.34,0.17,0.38,2.73,0.21,0.21,16.94,2.01
73,Jeff Ekhator,seriea,0.14,0.14,0.14,0.18,0.18,0.14,0.55,1.91,6.01,1.37,0.41,0.10,0.13,0.07,1.37,0.41,0.00,2.59,0.27,0.41,15.71,3.14
74,Gaetano Oristanio,seriea,0.08,0.12,0.08,0.15,0.15,0.11,2.65,2.53,5.23,1.72,0.49,0.05,0.08,0.09,1.31,0.16,0.33,2.86,0.25,0.49,15.97,3.14
75,Alvaro Morata,seriea,0.37,0.11,0.37,0.32,0.32,0.11,1.33,1.70,4.45,2.07,0.74,0.18,0.16,0.06,0.80,0.16,0.00,1.91,0.32,0.74,12.51,4.88
76,Lucas Beltran,seriea,0.20,0.20,0.10,0.26,0.14,0.14,1.14,3.12,4.96,1.29,0.30,0.08,0.11,0.09,1.34,0.20,0.15,3.17,0.50,0.30,14.33,2.48
77,Kenan Yildiz,seriea,0.24,0.09,0.24,0.15,0.15,0.14,3.99,3.96,7.94,2.20,0.71,0.11,0.07,0.15,1.61,0.24,0.42,3.99,0.30,0.71,24.87,3.36
78,Keinan Davis,seriea,0.31,0.10,0.31,0.21,0.21,0.21,1.75,2.58,5.88,1.96,0.82,0.16,0.11,0.08,1.75,0.00,0.00,3.51,0.31,0.82,17.63,5.26
79,Francisco Conceicao,seriea,0.22,0.22,0.22,0.12,0.12,0.25,6.62,2.42,10.07,2.21,0.75,0.10,0.05,0.27,1.45,0.11,0.65,4.09,0.70,0.75,27.94,5.38
80,Andrea Cambiaso,seriea,0.07,0.07,0.07,0.03,0.03,0.11,3.49,4.87,4.87,0.66,0.20,0.10,0.04,0.08,1.55,0.10,0.33,3.16,0.23,0.20,20.43,1.58
81,Gianluca Lapadula,seriea,0.15,0.00,0.00,0.45,0.33,0.08,1.51,1.21,4.39,3.48,0.76,0.00,0.10,0.08,1.66,0.00,0.15,3.63,0.30,0.76,14.37,6.05
82,Nicolo Zaniolo,seriea,0.36,0.24,0.36,0.33,0.32,0.11,1.89,2.37,7.46,2.72,1.07,0.13,0.12,0.12,1.30,0.12,0.00,3.32,0.36,1.07,20.13,4.74
83,Edoardo Bove,seriea,0.08,0.15,0.08,0.05,0.05,0.13,1.38,4.67,2.37,0.77,0.31,0.10,0.06,0.08,1.22,0.08,0.00,2.91,0.54,0.31,12.70,2.07
84,Marko Arnautovic,seriea,0.98,0.24,0.98,0.72,0.62,0.18,0.85,2.68,9.02,2.20,1.34,0.44,0.28,0.13,1.34,0.49,0.24,2.80,0.24,1.34,21.59,5.85
85,Randal Kolo Muani,seriea,0.44,0.19,0.31,0.57,0.47,0.13,1.37,1.49,8.21,2.49,1.00,0.13,0.19,0.08,1.31,0.19,0.06,2.67,0.50,1.00,17.04,6.28
86,Riccardo Sottil,seriea,0.17,0.26,0.17,0.12,0.12,0.23,7.68,2.44,11.35,2.36,0.61,0.07,0.05,0.24,1.57,0.17,0.70,3.93,0.61,0.61,24.18,4.36
87,Ademola Lookman,seriea,0.76,0.24,0.73,0.52,0.48,0.31,5.92,3.06,12.10,3.64,1.46,0.20,0.13,0.33,2.46,0.18,0.39,5.55,0.76,1.46,32.67,8.16
88,Michael Kayode,seriea,0.00,0.00,0.00,0.02,0.02,0.05,1.59,3.17,6.87,0.35,0.00,0.00,0.06,0.04,0.53,0.00,0.53,1.59,0.18,0.00,15.68,1.76
89,Nicola Zalewski,seriea,0.00,0.15,0.00,0.06,0.06,0.16,5.18,2.63,8.78,1.13,0.15,0.00,0.05,0.17,1.80,0.00,0.98,3.68,0.23,0.15,25.97,3.08
90,Tijjani Noslin,seriea,0.28,0.28,0.28,0.29,0.29,0.21,1.69,1.97,6.25,2.42,0.84,0.12,0.12,0.10,1.75,0.17,0.34,3.10,0.51,0.84,19.82,4.56
91,Antonio Sanabria,seriea,0.12,0.06,0.12,0.19,0.14,0.03,0.36,1.33,3.62,1.33,0.24,0.09,0.10,0.04,0.54,0.12,0.00,1.45,0.18,0.24,9.77,2.35
92,Jonathan Ikone,seriea,0.20,0.00,0.20,0.27,0.27,0.04,3.78,2.76,9.50,2.35,1.12,0.09,0.11,0.08,0.51,0.20,0.00,3.06,0.20,1.12,20.53,5.41
93,Florian Thauvin,seriea,0.37,0.14,0.32,0.37,0.26,0.17,4.23,4.14,6.81,2.35,1.06,0.14,0.11,0.22,1.79,0.23,0.92,4.28,0.41,1.06,24.71,3.77
94,Romelu Lukaku,seriea,0.46,0.31,0.37,0.42,0.32,0.12,1.05,1.08,7.08,2.01,0.74,0.18,0.16,0.08,1.24,0.15,0.06,2.44,0.46,0.74,13.04,4.94
95,Gianluca Caprari,seriea,0.14,0.07,0.00,0.21,0.11,0.12,2.15,4.29,6.30,1.52,0.42,0.00,0.07,0.12,1.87,0.28,0.14,3.88,0.28,0.42,22.29,2.08
96,Ange Yoan Bonny,seriea,0.26,0.13,0.18,0.38,0.28,0.10,1.49,1.89,6.31,2.32,0.66,0.08,0.12,0.07,1.14,0.13,0.09,2.54,0.31,0.66,16.66,4.30
97,Lautaro Martinez,seriea,0.54,0.10,0.51,0.49,0.47,0.15,1.23,2.33,6.36,3.41,1.39,0.15,0.14,0.14,1.15,0.38,0.05,2.77,0.31,1.39,16.65,5.49
98,Giovanni Simeone,seriea,0.17,0.17,0.17,0.47,0.47,0.12,2.26,1.22,6.25,2.61,0.52,0.07,0.18,0.05,1.22,0.17,0.00,1.91,0.35,0.52,18.42,4.86
99,Grigoris Kastanos,seriea,0.09,0.09,0.09,0.09,0.09,0.17,1.27,3.71,2.35,2.08,0.45,0.04,0.04,0.09,1.09,0.27,0.09,2.35,0.18,0.45,14.92,1.27
100,Tete Morente,seriea,0.15,0.05,0.15,0.13,0.13,0.05,2.31,4.52,6.19,1.72,0.59,0.09,0.08,0.04,0.98,0.10,0.44,2.60,0.10,0.59,16.75,1.72
101,Dennis Man,seriea,0.18,0.18,0.18,0.20,0.20,0.19,3.04,2.63,6.40,1.98,0.78,0.09,0.10,0.12,2.07,0.18,0.23,3.59,0.32,0.78,23.26,3.73
102,Nicolo Cambiaghi,seriea,0.15,0.45,0.15,0.09,0.09,0.31,6.43,2.69,7.03,2.09,0.45,0.07,0.04,0.30,1.94,0.00,1.05,4.78,1.20,0.45,25.71,5.08
103,Leonardo Spinazzola,seriea,0.07,0.07,0.07,0.03,0.03,0.18,5.52,4.92,5.32,0.61,0.20,0.11,0.05,0.18,1.48,0.13,0.67,2.69,0.20,0.20,21.49,2.16
104,Pasquale Mazzocchi,seriea,0.00,0.00,0.00,0.03,0.03,0.06,2.37,3.27,5.08,0.45,0.11,0.00,0.07,0.09,0.79,0.11,0.56,2.48,0.00,0.11,15.92,1.13
105,Khvicha Kvaratskhelia,seriea,0.34,0.24,0.31,0.29,0.26,0.33,5.60,4.10,9.36,3.63,1.22,0.08,0.07,0.24,2.34,0.58,0.20,5.29,0.64,1.22,31.98,6.27
106,Dusan Vlahovic,seriea,0.46,0.18,0.28,0.57,0.43,0.11,1.27,1.24,5.95,3.40,1.20,0.08,0.13,0.06,0.99,0.21,0.04,2.20,0.28,1.20,14.62,6.05
107,Nicolas Viola,seriea,0.22,0.07,0.22,0.19,0.19,0.19,1.50,3.67,5.31,2.47,0.67,0.09,0.07,0.22,2.09,0.30,0.15,4.34,0.30,0.67,19.60,2.69
108,Valentin Mihaila,seriea,0.00,0.21,0.00,0.17,0.17,0.08,1.75,2.86,5.03,2.17,0.77,0.00,0.08,0.08,1.19,0.21,0.21,3.35,0.35,0.77,21.73,2.17
109,Mattia Zaccagni,seriea,0.34,0.26,0.26,0.24,0.17,0.17,3.25,4.13,8.54,1.65,0.60,0.16,0.10,0.15,1.94,0.28,0.14,3.50,0.40,0.60,26.20,3.73
110,Jesper Karlsson,seriea,0.14,0.00,0.14,0.18,0.18,0.08,2.24,2.10,8.13,1.96,0.84,0.07,0.10,0.04,1.12,0.00,0.70,2.94,0.14,0.84,21.45,1.82
111,Moise Kean,seriea,0.61,0.11,0.58,0.58,0.53,0.07,1.30,0.83,4.91,3.25,1.41,0.18,0.16,0.04,0.61,0.04,0.04,1.88,0.18,1.41,12.23,4.22
112,Alessandro Zanoli,seriea,0.05,0.00,0.05,0.03,0.03,0.09,3.27,1.54,4.63,0.61,0.14,0.08,0.04,0.06,1.17,0.05,0.56,1.96,0.05,0.14,13.84,2.29
113,Nadir Zortea,seriea,0.20,0.00,0.20,0.10,0.10,0.07,2.43,2.17,4.83,1.17,0.43,0.17,0.08,0.07,1.00,0.03,0.77,2.10,0.07,0.43,13.99,1.03
114,Mateo Retegui,seriea,0.84,0.16,0.72,0.67,0.52,0.13,1.12,1.46,6.92,3.43,1.18,0.21,0.15,0.09,1.15,0.03,0.03,2.65,0.41,1.18,17.20,5.83
115,Lorenzo Lucca,seriea,0.37,0.07,0.33,0.26,0.23,0.06,0.60,0.70,3.85,2.18,0.84,0.15,0.11,0.03,0.54,0.03,0.00,1.14,0.13,0.84,9.88,3.75
116,Mattia Felici,seriea,0.00,0.31,0.00,0.06,0.06,0.10,3.90,1.85,7.40,1.03,0.62,0.00,0.06,0.07,0.92,0.00,0.00,2.98,0.41,0.62,19.62,3.70
117,Giuseppe Pezzella,seriea,0.00,0.10,0.00,0.02,0.02,0.15,2.45,2.51,4.11,0.42,0.07,0.00,0.04,0.14,1.18,0.07,0.72,1.73,0.16,0.07,15.57,0.98
118,David Neres,seriea,0.15,0.29,0.15,0.15,0.15,0.25,5.13,2.20,9.67,1.98,0.44,0.07,0.08,0.23,1.76,0.22,0.95,4.10,0.66,0.44,26.97,3.96
119,Ante Rebic,seriea,0.14,0.00,0.14,0.27,0.27,0.26,2.05,4.23,7.78,1.50,0.41,0.09,0.18,0.16,2.32,0.27,0.41,3.82,0.14,0.41,25.13,5.19
120,Casper Tengstedt,seriea,0.39,0.07,0.33,0.34,0.29,0.06,1.82,1.76,5.08,2.41,0.65,0.14,0.12,0.07,0.72,0.13,0.07,1.50,0.20,0.65,12.69,3.58
121,Gabriel Strefezza,seriea,0.12,0.16,0.12,0.13,0.13,0.13,2.31,3.62,5.61,2.03,0.68,0.06,0.06,0.12,1.99,0.24,0.28,3.86,0.16,0.68,23.95,2.94
122,Daniel Maldini,seriea,0.19,0.00,0.19,0.30,0.30,0.06,3.00,2.31,4.88,2.63,0.88,0.07,0.12,0.08,0.81,0.06,0.13,2.88,0.31,0.88,17.25,3.25
123,Rafael Leao,seriea,0.32,0.27,0.32,0.34,0.34,0.29,4.69,3.80,10.76,2.48,1.21,0.13,0.14,0.25,2.00,0.40,0.30,4.31,0.62,1.21,25.70,6.31
124,Thijs Dallinga,seriea,0.33,0.00,0.33,0.42,0.42,0.04,0.71,1.37,5.77,2.80,1.04,0.12,0.16,0.04,0.71,0.00,0.00,2.25,0.33,1.04,16.16,4.95
125,Nicolas Gonzalez,seriea,0.31,0.13,0.31,0.31,0.31,0.06,1.79,3.76,7.21,2.82,1.39,0.11,0.11,0.08,0.99,0.27,0.13,2.28,0.31,1.39,20.61,3.85
126,Tommaso Baldanzi,seriea,0.06,0.06,0.06,0.16,0.16,0.08,3.85,2.88,6.25,2.34,0.30,0.03,0.07,0.09,0.84,0.24,0.06,3.73,0.36,0.30,25.65,4.09
127,Samuel Iling Junior,seriea,0.26,0.00,0.26,0.08,0.08,0.10,3.77,2.86,8.97,1.17,0.39,0.22,0.07,0.13,1.30,0.26,0.91,3.38,0.13,0.39,26.79,1.95
128,Mehdi Taremi,seriea,0.15,0.22,0.00,0.36,0.25,0.20,1.35,2.84,4.49,1.50,0.45,0.00,0.16,0.13,1.57,0.60,0.00,3.36,0.60,0.45,15.55,4.11
129,Alessio Zerbin,seriea,0.07,0.00,0.07,0.12,0.12,0.08,2.67,3.65,4.36,0.98,0.33,0.07,0.12,0.10,1.37,0.07,0.59,2.80,0.00,0.33,22.27,3.39
130,Marcus Thuram,seriea,0.52,0.14,0.52,0.38,0.38,0.16,2.61,1.87,6.42,2.47,1.01,0.21,0.15,0.15,1.40,0.22,0.11,3.57,0.52,1.01,16.16,5.95
131,Michael Folorunsho,seriea,0.11,0.00,0.11,0.17,0.17,0.07,1.20,3.04,3.91,1.20,0.43,0.09,0.15,0.05,0.43,0.00,0.22,1.63,0.11,0.43,15.43,2.50
132,Matteo Cancellieri,seriea,0.21,0.05,0.21,0.21,0.21,0.07,2.31,1.47,5.40,1.52,0.63,0.14,0.14,0.06,0.89,0.21,0.31,1.73,0.21,0.63,14.67,2.62
133,Dany Mota,seriea,0.21,0.13,0.21,0.20,0.20,0.09,2.57,1.98,6.49,1.56,0.42,0.14,0.13,0.09,1.14,0.17,0.34,2.45,0.21,0.42,16.44,3.41
134,Alexis Saelemaekers,seriea,0.37,0.19,0.37,0.13,0.13,0.19,2.83,4.18,9.01,1.35,0.65,0.28,0.10,0.16,1.95,0.19,0.37,4.14,0.56,0.65,28.44,2.60
135,Pontus Almqvist,seriea,0.07,0.14,0.07,0.15,0.15,0.17,3.18,1.06,6.85,1.84,0.64,0.04,0.08,0.11,1.06,0.00,0.14,2.26,0.21,0.64,19.06,4.31
136,Brenner,seriea,0.17,0.34,0.17,0.17,0.17,0.08,1.68,2.52,3.53,1.68,1.01,0.10,0.10,0.03,1.18,0.17,0.17,2.36,0.17,1.01,13.96,2.19
137,Santiago Castro,seriea,0.30,0.17,0.30,0.26,0.23,0.11,0.60,1.31,5.30,2.18,0.74,0.14,0.10,0.06,1.14,0.17,0.00,2.42,0.37,0.74,13.29,3.62
138,Jens Odgaard,seriea,0.26,0.09,0.26,0.16,0.16,0.10,1.61,2.46,4.67,2.21,0.98,0.12,0.07,0.08,0.72,0.09,0.13,2.04,0.30,0.98,17.25,3.23
139,Alexis Sanchez,seriea,0.00,0.17,0.00,0.19,0.19,0.10,0.87,5.40,6.79,1.74,0.35,0.00,0.11,0.16,1.22,0.52,0.17,4.18,0.17,0.35,28.03,3.13
140,Nicolas Paz,seriea,0.24,0.24,0.24,0.33,0.30,0.22,2.76,5.52,5.12,3.64,1.40,0.07,0.08,0.13,1.88,0.40,0.08,4.84,0.48,1.40,22.26,3.04
141,Remi Oudin,seriea,0.00,0.00,0.00,0.10,0.10,0.14,0.35,2.94,5.02,1.56,0.17,0.00,0.07,0.23,1.73,0.35,0.35,3.81,0.17,0.17,17.65,1.38
142,Noah Okafor,seriea,0.12,0.25,0.12,0.25,0.25,0.27,5.23,3.36,10.58,2.24,1.00,0.06,0.11,0.20,1.49,0.00,0.50,2.99,0.62,1.00,23.40,5.98
143,Artem Dovbyk,seriea,0.52,0.16,0.35,0.58,0.43,0.14,0.84,0.62,6.05,2.25,0.92,0.16,0.19,0.08,0.95,0.08,0.00,1.82,0.27,0.92,13.00,5.78
144,Patrick Dorgu,seriea,0.09,0.03,0.09,0.13,0.13,0.07,3.02,2.66,6.09,1.69,0.38,0.05,0.08,0.08,0.89,0.09,0.38,2.57,0.30,0.38,17.68,2.87
145,Andrea Colpani,seriea,0.10,0.05,0.10,0.16,0.16,0.10,2.31,3.65,7.96,2.31,0.67,0.04,0.07,0.10,1.28,0.10,0.10,3.13,0.26,0.67,19.06,2.83
146,Gianluca Scamacca,seriea,0.71,0.53,0.71,0.59,0.59,0.48,1.07,3.02,10.32,4.27,1.60,0.17,0.14,0.11,3.74,0.18,0.18,5.69,0.71,1.60,23.30,5.51
147,Alieu Fadera,seriea,0.06,0.17,0.06,0.09,0.09,0.22,4.11,1.97,8.89,1.52,0.51,0.04,0.06,0.11,1.24,0.17,0.28,2.81,0.39,0.51,21.49,3.26
148,Gianluca Gaetano,seriea,0.16,0.33,0.16,0.40,0.40,0.17,1.23,4.25,6.63,2.45,0.49,0.07,0.16,0.16,2.05,0.33,0.00,4.34,0.41,0.49,19.96,3.68
149,Fisayo Dele Bashiru,seriea,0.32,0.19,0.32,0.11,0.11,0.14,2.26,3.30,5.23,1.29,0.45,0.25,0.08,0.10,1.16,0.00,0.13,2.26,0.19,0.45,16.41,2.84
150,Romain Del Castillo,ligue1,0.29,0.18,0.12,0.28,0.09,0.26,2.81,4.75,7.97,1.05,0.53,0.11,0.08,0.29,2.58,0.18,0.70,5.04,0.53,0.53,29.47,2.52
151,Gaetan Perrin,ligue1,0.31,0.31,0.31,0.18,0.18,0.27,2.62,4.69,4.15,2.00,0.88,0.15,0.09,0.17,2.54,0.27,0.19,4.31,0.50,0.88,20.96,3.38
152,Abdallah Sima,ligue1,0.50,0.11,0.50,0.43,0.43,0.09,2.74,1.57,6.82,2.74,1.06,0.18,0.16,0.08,0.84,0.06,0.11,2.18,0.28,1.06,19.13,4.98
153,Mohamed Lamine Bayo,ligue1,0.58,0.19,0.39,0.60,0.45,0.12,1.16,1.36,6.21,2.52,0.78,0.15,0.18,0.04,0.97,0.00,0.00,2.91,0.58,0.78,13.19,5.04
154,Eliesse Ben Seghir,ligue1,0.35,0.12,0.27,0.28,0.22,0.22,4.40,5.69,8.60,2.87,0.98,0.10,0.08,0.19,1.61,0.71,0.20,4.08,0.43,0.98,30.14,3.22
155,Andy Delort,ligue1,0.00,0.00,0.00,0.23,0.23,0.16,0.70,1.04,3.48,2.79,1.04,0.00,0.08,0.09,1.22,0.00,0.35,2.09,0.17,1.04,15.84,4.18
156,Jeremie Boga,ligue1,0.23,0.34,0.23,0.22,0.22,0.26,4.67,3.42,6.78,2.39,1.20,0.10,0.09,0.28,1.99,0.06,0.23,4.16,0.51,1.20,22.84,4.44
157,Bamba Dieng,ligue1,0.76,0.00,0.60,0.66,0.54,0.05,0.91,1.06,6.49,2.57,1.21,0.24,0.22,0.05,0.45,0.30,0.15,1.51,0.30,1.21,15.86,4.98
158,Desire Doue,ligue1,0.34,0.31,0.34,0.28,0.28,0.34,5.68,6.59,10.56,3.01,1.33,0.11,0.09,0.27,2.44,0.38,0.65,5.18,0.95,1.33,33.58,5.79
159,Wesley Said,ligue1,0.36,0.00,0.36,0.33,0.33,0.11,1.90,2.53,5.78,2.08,0.72,0.17,0.16,0.10,1.08,0.18,0.09,3.07,0.00,0.72,16.17,4.52
160,Farid El Melali,ligue1,0.10,0.15,0.10,0.17,0.17,0.15,2.84,1.79,5.37,2.19,0.70,0.05,0.08,0.14,1.24,0.00,0.10,3.23,0.55,0.70,20.25,3.23
161,Takumi Minamino,ligue1,0.29,0.16,0.29,0.36,0.36,0.25,2.01,4.37,7.61,2.39,0.78,0.12,0.15,0.20,1.59,0.49,0.10,3.07,0.23,0.78,19.58,4.98
162,Yanis Zouaoui,ligue1,0.00,0.19,0.00,0.01,0.01,0.26,3.14,2.95,2.66,0.48,0.19,0.00,0.03,0.27,2.47,0.00,0.86,3.52,0.19,0.19,19.69,0.76
163,Folarin Balogun,ligue1,0.31,0.20,0.31,0.60,0.60,0.25,2.25,1.43,9.60,3.98,1.33,0.08,0.15,0.15,1.33,0.00,0.00,2.96,0.51,1.33,18.80,7.46
164,Josue Casimir,ligue1,0.14,0.23,0.14,0.14,0.14,0.18,3.32,1.85,6.46,1.25,0.42,0.11,0.11,0.11,1.34,0.09,0.23,2.77,0.42,0.42,16.35,3.51
165,Badredine Bouanani,ligue1,0.29,0.06,0.29,0.22,0.22,0.18,4.37,4.66,7.16,2.91,1.22,0.10,0.07,0.20,1.75,0.23,0.29,4.48,0.58,1.22,27.48,3.49
166,Remy Cabella,ligue1,0.06,0.19,0.06,0.26,0.26,0.16,3.98,6.35,10.15,2.30,0.50,0.03,0.11,0.26,1.68,0.12,0.50,4.54,0.50,0.50,37.72,4.67
167,Rayan Cherki,ligue1,0.38,0.57,0.38,0.24,0.24,0.47,4.67,9.03,7.70,2.21,0.85,0.17,0.11,0.51,3.63,0.98,0.19,6.69,1.04,0.85,36.71,6.03
168,Sekou Mara,ligue1,0.14,0.14,0.14,0.15,0.15,0.14,0.84,1.40,5.44,2.09,0.42,0.07,0.07,0.07,0.70,0.28,0.00,1.40,0.28,0.42,13.81,3.21
169,MBala Nzola,ligue1,0.37,0.11,0.37,0.47,0.47,0.10,1.49,1.44,7.12,2.71,1.06,0.14,0.18,0.06,1.33,0.00,0.00,2.45,0.37,1.06,17.49,5.53
170,Aleksandr Golovin,ligue1,0.16,0.05,0.16,0.15,0.15,0.19,2.76,7.14,5.47,1.67,0.57,0.09,0.09,0.28,1.93,0.52,0.21,4.01,0.16,0.57,23.71,2.14
171,Bradley Barcola,ligue1,0.51,0.39,0.51,0.54,0.54,0.38,5.44,3.04,14.76,2.93,1.35,0.17,0.18,0.24,1.94,0.31,0.08,4.11,0.79,1.35,31.58,8.82
172,Arnaud Nordin,ligue1,0.27,0.07,0.20,0.28,0.18,0.09,3.92,1.89,9.40,1.96,0.74,0.10,0.09,0.10,1.15,0.20,0.41,2.43,0.20,0.74,21.84,3.92
173,Augustine Boakye,ligue1,0.37,0.00,0.37,0.22,0.22,0.11,3.07,4.30,7.37,2.95,1.11,0.13,0.08,0.12,1.60,0.25,0.00,4.30,0.12,1.11,23.45,3.56
174,Mahdi Camara,ligue1,0.22,0.08,0.22,0.15,0.15,0.06,1.76,3.65,3.70,1.73,0.68,0.13,0.08,0.07,0.78,0.05,0.35,2.38,0.22,0.68,14.48,2.32
175,Andrej Ilic,ligue1,0.64,0.00,0.51,0.44,0.33,0.04,0.38,1.15,5.38,2.56,1.02,0.20,0.13,0.01,0.64,0.13,0.00,1.41,0.26,1.02,12.16,4.61
176,Malick Fofana,ligue1,0.57,0.24,0.57,0.33,0.33,0.17,6.32,2.50,10.65,1.93,1.18,0.29,0.17,0.21,1.32,0.05,0.57,3.35,0.66,1.18,25.32,5.85
177,Ismael Kone,ligue1,0.14,0.14,0.14,0.05,0.05,0.22,1.78,3.84,3.02,0.96,0.14,0.14,0.05,0.15,0.96,0.27,0.00,1.78,0.14,0.14,15.64,1.51
178,Nabil Bentaleb,ligue1,0.15,0.00,0.15,0.10,0.10,0.04,0.44,6.91,0.88,0.74,0.29,0.20,0.15,0.06,0.59,0.15,0.00,1.76,0.00,0.29,11.03,0.44
179,Joshua King,ligue1,0.33,0.13,0.33,0.36,0.36,0.11,1.79,1.59,6.02,2.58,1.06,0.13,0.14,0.10,0.99,0.00,0.07,1.72,0.26,1.06,14.22,4.89
180,Angelo Fulgini,ligue1,0.14,0.07,0.14,0.20,0.20,0.35,2.18,5.35,9.65,2.46,0.77,0.06,0.08,0.32,2.54,0.63,0.63,4.93,0.14,0.77,32.89,4.30
181,Albert Gronbaek,ligue1,0.19,0.09,0.19,0.15,0.15,0.10,2.26,2.92,5.74,2.26,0.85,0.08,0.07,0.08,1.88,0.09,0.00,2.92,0.47,0.85,20.05,4.05
182,Esteban Lepaul,ligue1,0.49,0.00,0.49,0.29,0.29,0.06,1.48,0.85,3.95,2.26,0.92,0.22,0.13,0.08,0.35,0.07,0.14,1.06,0.07,0.92,11.00,3.39
183,Andre Ayew,ligue1,0.34,0.06,0.34,0.30,0.30,0.03,0.40,1.31,2.80,1.60,0.63,0.21,0.20,0.02,0.51,0.00,0.00,1.37,0.11,0.63,9.08,2.74
184,Mamadou Diakhon,ligue1,0.24,0.12,0.24,0.11,0.11,0.13,6.26,1.89,8.39,1.77,0.83,0.13,0.06,0.06,1.30,0.12,0.24,3.78,0.24,0.83,22.20,4.84
185,Hakon Arnar Haraldsson,ligue1,0.30,0.09,0.30,0.19,0.19,0.14,2.51,4.80,7.52,1.77,0.69,0.17,0.11,0.16,1.60,0.22,0.17,3.37,0.35,0.69,25.28,3.85
186,Breel Embolo,ligue1,0.29,0.25,0.29,0.50,0.50,0.23,1.21,2.50,6.79,2.57,0.89,0.11,0.19,0.12,1.54,0.25,0.00,2.68,0.46,0.89,16.44,5.86
187,Yaya Kader Fofana,ligue1,0.14,0.14,0.14,0.08,0.08,0.24,2.68,3.11,4.10,1.84,0.57,0.08,0.05,0.14,0.99,0.42,0.14,3.11,0.71,0.57,13.00,2.40
188,Neal Maupay,ligue1,0.34,0.34,0.34,0.35,0.35,0.19,1.03,3.17,6.85,1.63,0.86,0.21,0.22,0.11,1.11,0.09,0.00,1.88,0.43,0.86,14.90,4.11
189,Musa Al Taamari,ligue1,0.16,0.10,0.16,0.26,0.26,0.19,3.95,2.34,6.39,2.13,0.73,0.07,0.12,0.16,1.35,0.10,0.05,3.38,0.36,0.73,20.36,4.93
190,Gaetan Laborde,ligue1,0.45,0.23,0.27,0.54,0.40,0.15,1.68,2.18,6.58,3.49,0.95,0.08,0.12,0.11,1.13,0.09,0.14,3.13,0.45,0.95,17.65,6.44
191,Mathieu Cafaro,ligue1,0.12,0.00,0.12,0.18,0.18,0.16,2.34,1.97,6.27,2.83,1.23,0.04,0.06,0.16,1.60,0.25,0.49,3.07,0.25,1.23,18.81,3.32
192,Said Benrahma,ligue1,0.29,0.44,0.29,0.27,0.27,0.38,4.59,4.08,13.18,2.84,0.80,0.10,0.09,0.42,2.04,0.44,0.51,3.57,0.73,0.80,28.47,4.59
193,Zuriko Davitashvili,ligue1,0.27,0.23,0.19,0.27,0.21,0.14,3.28,2.31,6.71,2.24,0.81,0.09,0.10,0.17,1.39,0.19,0.12,3.66,0.50,0.81,22.47,3.93
194,Kassoum Ouattara,ligue1,0.16,0.16,0.16,0.16,0.16,0.24,4.43,3.64,9.81,0.79,0.47,0.20,0.20,0.24,1.27,0.00,1.11,3.01,0.16,0.47,23.09,2.53
195,Sorba Thomas,ligue1,0.08,0.16,0.08,0.12,0.12,0.21,2.79,2.64,6.74,0.70,0.08,0.11,0.17,0.16,2.33,0.00,1.24,3.57,0.39,0.08,20.47,1.47
196,Thiago Almada,ligue1,0.21,0.21,0.21,0.24,0.24,0.22,3.01,8.42,4.57,2.91,0.62,0.07,0.08,0.18,1.14,0.21,0.21,3.95,0.83,0.62,27.44,2.39
197,Matias Fernandez Pardo,ligue1,0.27,0.27,0.27,0.23,0.23,0.18,4.16,2.17,6.15,1.54,1.00,0.18,0.15,0.11,1.18,0.09,0.00,2.44,0.81,1.00,20.98,3.89
198,Ludovic Blas,ligue1,0.26,0.31,0.26,0.21,0.21,0.18,3.17,4.45,7.54,2.29,1.06,0.12,0.09,0.21,1.98,0.31,0.44,4.41,0.75,1.06,24.37,4.28
199,Theo Bair,ligue1,0.20,0.10,0.20,0.27,0.27,0.12,1.47,1.47,4.02,2.26,1.18,0.09,0.12,0.09,0.98,0.00,0.00,1.67,0.20,1.18,13.84,4.61
200,Mama Samba Balde,ligue1,0.17,0.28,0.17,0.24,0.24,0.20,2.97,1.79,7.51,2.52,0.56,0.07,0.10,0.10,1.29,0.17,0.17,3.19,0.45,0.56,17.48,5.04
201,Jonathan David,ligue1,0.66,0.21,0.45,0.57,0.39,0.15,1.12,2.31,6.41,2.10,0.98,0.22,0.18,0.11,1.14,0.13,0.00,2.47,0.40,0.98,17.31,4.97
202,Ibrahima Niane,ligue1,0.29,0.10,0.19,0.54,0.47,0.10,1.81,0.86,4.77,2.77,0.95,0.07,0.17,0.04,0.86,0.10,0.00,2.00,0.38,0.95,13.84,4.77
203,Felix Lemarechal,ligue1,0.19,0.12,0.19,0.17,0.17,0.12,1.37,3.00,4.12,1.19,0.44,0.16,0.15,0.07,1.37,0.25,0.12,2.75,0.31,0.44,15.61,2.81
204,Chuba Akpom,ligue1,0.35,0.00,0.35,0.47,0.38,0.08,1.62,1.50,5.89,2.66,1.73,0.13,0.14,0.07,0.81,0.00,0.00,2.31,0.35,1.73,13.63,4.97
205,Georges Mikautadze,ligue1,0.61,0.38,0.46,0.56,0.40,0.25,2.65,3.03,8.14,3.15,1.23,0.15,0.13,0.18,1.42,0.31,0.04,3.19,0.73,1.23,20.90,6.61
206,Mohamed Ali Cho,ligue1,0.21,0.17,0.21,0.20,0.20,0.18,4.25,2.96,7.42,1.80,0.82,0.12,0.11,0.20,1.59,0.47,0.30,3.26,0.56,0.82,19.18,3.86
207,Tanguy Coulibaly,ligue1,0.15,0.00,0.15,0.25,0.25,0.08,3.20,1.04,6.71,2.09,0.82,0.07,0.12,0.06,1.27,0.15,0.15,2.98,0.22,0.82,18.33,4.54
208,Amine Gouiri,ligue1,0.36,0.23,0.36,0.46,0.46,0.17,1.91,3.18,7.31,3.91,1.59,0.09,0.12,0.15,1.54,0.18,0.00,4.04,0.41,1.59,24.07,6.40
209,Koka,ligue1,0.25,0.13,0.13,0.55,0.45,0.08,0.00,1.26,1.63,2.01,0.75,0.06,0.23,0.09,0.63,0.00,0.00,1.13,0.38,0.75,7.16,3.39
210,Kyogo Furuhashi,ligue1,0.15,0.00,0.15,0.40,0.40,0.00,0.31,0.15,2.62,1.69,0.62,0.09,0.24,0.00,0.00,0.00,0.00,0.77,0.15,0.62,6.15,2.77
211,Irvin Cardona,ligue1,0.35,0.14,0.35,0.26,0.20,0.11,2.65,2.51,9.29,1.54,0.70,0.23,0.13,0.17,1.33,0.28,0.35,2.51,0.35,0.70,23.18,4.33
212,Mika Biereth,ligue1,0.79,0.11,0.73,0.67,0.59,0.22,1.01,1.63,7.02,2.53,1.24,0.29,0.23,0.16,1.18,0.17,0.00,2.25,0.28,1.24,14.83,5.84
213,Sebastian Nanasi,ligue1,0.23,0.19,0.23,0.27,0.27,0.19,2.35,5.21,5.21,1.17,0.47,0.20,0.23,0.19,1.46,0.38,0.09,3.48,0.75,0.47,16.06,3.10
214,Ludovic Ajorque,ligue1,0.37,0.09,0.37,0.31,0.28,0.15,0.44,1.59,4.85,1.74,0.78,0.21,0.16,0.11,1.43,0.06,0.03,2.46,0.28,0.78,14.66,4.70
215,Sofiane Diop,ligue1,0.39,0.33,0.39,0.45,0.45,0.20,2.60,5.28,5.60,1.95,0.85,0.20,0.23,0.23,2.21,1.04,0.26,4.17,0.59,0.85,24.03,2.93
216,Alexandre Lacazette,ligue1,0.68,0.17,0.48,0.68,0.49,0.17,0.99,2.82,7.04,2.55,1.36,0.19,0.20,0.20,1.22,0.17,0.17,3.19,0.44,1.36,18.93,6.42
217,Jon Rowe,ligue1,0.41,0.28,0.41,0.43,0.43,0.54,3.32,3.46,10.51,4.15,1.94,0.10,0.10,0.25,1.80,0.41,0.55,3.46,0.83,1.94,30.69,6.36
218,Akor Adams,ligue1,0.25,0.06,0.25,0.34,0.34,0.07,0.81,0.81,3.60,2.05,0.87,0.12,0.17,0.02,0.81,0.06,0.00,1.67,0.37,0.87,10.23,3.78
219,Randal Kolo Muani,ligue1,0.44,0.19,0.31,0.57,0.47,0.13,1.37,1.49,8.21,2.49,1.00,0.13,0.19,0.08,1.31,0.19,0.06,2.67,0.50,1.00,17.04,6.28
220,Frank Magri,ligue1,0.43,0.00,0.43,0.41,0.41,0.03,1.08,1.58,4.95,2.94,1.08,0.15,0.14,0.06,0.36,0.14,0.00,1.65,0.14,1.08,11.12,4.16
221,Evann Guessand,ligue1,0.39,0.21,0.36,0.34,0.30,0.15,2.98,2.68,5.51,2.14,0.96,0.17,0.14,0.14,1.11,0.30,0.12,3.07,0.45,0.96,16.19,4.79
222,Edon Zhegrova,ligue1,0.32,0.16,0.32,0.17,0.17,0.18,3.27,4.07,8.84,2.41,0.80,0.13,0.07,0.23,1.29,0.27,0.27,3.43,0.54,0.80,31.47,3.54
223,Yann Gboho,ligue1,0.12,0.12,0.12,0.19,0.19,0.13,4.74,4.08,7.50,1.86,0.93,0.06,0.10,0.16,1.20,0.19,0.00,3.38,0.23,0.93,19.65,5.01
224,Romain Faivre,ligue1,0.22,0.15,0.15,0.19,0.13,0.16,2.61,4.09,4.24,1.41,0.67,0.11,0.10,0.14,1.12,0.30,0.07,3.42,0.30,0.67,18.91,2.75
225,Ernest Nuamah,ligue1,0.30,0.10,0.30,0.29,0.29,0.15,4.26,3.19,10.59,2.89,1.32,0.11,0.10,0.13,1.42,0.20,0.35,3.45,0.20,1.32,27.47,5.07
226,Mostafa Mohamed,ligue1,0.35,0.07,0.35,0.35,0.35,0.09,0.85,1.35,4.26,2.98,1.28,0.12,0.12,0.05,0.71,0.14,0.07,1.77,0.28,1.28,15.25,5.53
227,Oumar Diakite,ligue1,0.19,0.05,0.19,0.29,0.25,0.06,1.53,2.34,5.30,1.43,0.43,0.13,0.18,0.07,0.62,0.10,0.10,2.10,0.24,0.43,13.42,3.25
228,Lee Kang in,ligue1,0.27,0.31,0.27,0.18,0.18,0.29,2.85,7.28,8.24,2.08,0.85,0.13,0.08,0.32,2.97,0.62,0.39,5.31,0.42,0.85,39.59,3.50
229,Mathias Pereira Lage,ligue1,0.15,0.40,0.15,0.19,0.19,0.23,1.61,2.41,4.68,2.11,0.85,0.07,0.09,0.20,1.31,0.05,0.35,2.82,0.55,0.85,18.10,1.96
230,Goncalo Ramos,ligue1,0.76,0.28,0.69,1.04,0.98,0.21,0.62,1.59,4.49,4.14,2.21,0.17,0.24,0.13,1.31,0.21,0.00,2.48,0.62,2.21,17.60,7.45
231,Mason Greenwood,ligue1,0.60,0.12,0.42,0.52,0.32,0.19,4.09,4.75,9.17,3.73,1.53,0.11,0.09,0.25,1.47,0.36,0.45,4.21,0.54,1.53,29.52,4.87
232,Khalil Fayad,ligue1,0.10,0.00,0.10,0.12,0.12,0.02,1.64,4.82,2.41,1.25,0.39,0.08,0.09,0.04,0.67,0.19,0.00,2.22,0.10,0.39,12.72,1.06
233,Emanuel Emegha,ligue1,0.51,0.07,0.51,0.63,0.60,0.09,1.43,0.59,4.50,2.31,1.32,0.22,0.26,0.03,0.70,0.00,0.00,1.32,0.18,1.32,9.74,3.84
234,Florian Aye,ligue1,0.35,0.00,0.35,0.30,0.30,0.02,0.88,0.88,4.90,1.75,0.53,0.20,0.17,0.02,0.53,0.00,0.00,0.88,0.35,0.53,12.61,3.15
235,Jim Allevinah,ligue1,0.00,0.16,0.00,0.23,0.23,0.14,2.69,2.36,5.17,1.98,0.55,0.00,0.12,0.09,0.82,0.11,0.16,2.03,0.38,0.55,13.63,3.63
236,Khvicha Kvaratskhelia,ligue1,0.33,0.23,0.30,0.28,0.25,0.32,5.62,4.06,9.42,3.54,1.19,0.08,0.07,0.23,2.28,0.56,0.20,5.15,0.63,1.19,32.38,6.38
237,Lilian Raolisoa,ligue1,0.00,0.17,0.00,0.03,0.03,0.13,1.95,3.31,3.39,0.76,0.08,0.00,0.05,0.11,0.85,0.34,0.68,1.95,0.25,0.08,16.37,0.85
238,Ado Onaiwu,ligue1,0.23,0.11,0.23,0.39,0.39,0.10,1.48,3.19,7.63,2.39,1.37,0.10,0.16,0.10,0.91,0.11,0.34,2.96,0.11,1.37,19.25,3.19
239,Ousmane Dembele,ligue1,0.95,0.25,0.92,0.75,0.73,0.34,7.52,6.82,12.35,4.80,2.12,0.19,0.15,0.30,3.06,0.63,0.13,5.94,0.57,2.12,42.54,8.53
240,George Ilenikhena,ligue1,0.59,0.24,0.59,0.64,0.64,0.18,1.07,1.31,7.13,2.73,1.07,0.22,0.23,0.06,1.19,0.12,0.00,2.02,0.36,1.07,14.50,4.64
241,Lassine Sinayoko,ligue1,0.14,0.18,0.09,0.26,0.22,0.17,2.20,2.38,7.87,2.29,0.55,0.04,0.10,0.14,1.37,0.14,0.14,3.94,0.69,0.55,18.45,5.17
242,Youssoufa Moukoko,ligue1,0.38,0.19,0.38,0.50,0.50,0.17,1.05,2.30,5.37,2.11,0.58,0.18,0.24,0.12,1.53,0.19,0.10,2.40,0.19,0.58,15.24,4.70
243,Tino Kadewere,ligue1,0.14,0.27,0.14,0.30,0.30,0.27,0.82,3.16,4.95,1.37,0.69,0.10,0.22,0.11,1.51,0.27,0.00,3.02,0.27,0.69,15.25,3.85
244,Yassine Kechta,ligue1,0.19,0.00,0.19,0.14,0.14,0.06,1.86,3.82,3.72,1.44,0.51,0.13,0.10,0.06,0.75,0.09,0.23,2.14,0.19,0.51,12.11,1.26
245,Shavy Babicka,ligue1,0.29,0.15,0.29,0.27,0.27,0.11,2.85,1.46,9.71,1.53,0.73,0.19,0.17,0.14,0.88,0.07,0.51,2.12,0.37,0.73,20.00,3.87
246,Antoine Joujou,ligue1,0.00,0.18,0.00,0.06,0.06,0.26,3.97,1.59,7.67,1.06,0.18,0.00,0.05,0.26,1.23,0.09,0.79,3.17,0.26,0.18,19.13,3.44
247,Osame Sahraoui,ligue1,0.27,0.22,0.27,0.20,0.20,0.22,4.98,6.38,10.66,1.57,0.60,0.17,0.13,0.31,1.84,0.43,0.22,4.60,0.49,0.60,31.15,5.14
248,Emmanuel Sabbi,ligue1,0.00,0.10,0.00,0.20,0.20,0.10,1.28,2.17,4.83,1.68,0.39,0.00,0.12,0.06,0.79,0.10,0.10,2.86,0.39,0.39,12.62,2.56
249,Junya Ito,ligue1,0.12,0.12,0.12,0.16,0.16,0.26,3.56,4.46,8.49,1.03,0.44,0.12,0.15,0.30,2.75,0.22,0.90,4.43,0.31,0.44,25.71,2.68
250,Zakaria Aboukhlal,ligue1,0.31,0.09,0.26,0.46,0.39,0.07,1.62,1.27,7.81,2.99,1.14,0.09,0.13,0.10,0.53,0.00,0.18,1.76,0.31,1.14,17.69,5.18
251,Zinedine Ferhat,ligue1,0.24,0.00,0.24,0.17,0.17,0.26,1.82,4.26,7.05,1.46,0.61,0.17,0.11,0.22,1.58,0.36,0.36,3.41,0.12,0.61,25.05,2.31
252,Ibrahim Sissoko,ligue1,0.33,0.11,0.22,0.48,0.39,0.07,1.55,1.22,3.88,2.33,0.44,0.10,0.17,0.03,0.78,0.11,0.00,2.22,0.11,0.44,12.43,3.88
253,Goduine Koyalipou,ligue1,0.46,0.00,0.46,0.49,0.49,0.11,1.69,2.31,7.69,4.31,1.69,0.11,0.12,0.06,1.38,0.00,0.00,2.92,0.00,1.69,16.92,5.85
254,Luis Henrique,ligue1,0.22,0.16,0.22,0.15,0.15,0.13,2.93,4.84,9.23,1.08,0.45,0.21,0.14,0.17,1.72,0.06,0.70,3.69,0.41,0.45,25.91,2.83
255,David Costa,ligue1,0.14,0.00,0.14,0.31,0.31,0.08,3.52,5.49,4.37,2.11,0.85,0.07,0.15,0.17,1.41,0.14,0.56,2.54,0.28,0.85,21.69,3.24
256,Moses Simon,ligue1,0.28,0.36,0.16,0.19,0.10,0.24,5.17,2.01,7.66,1.50,0.51,0.11,0.07,0.20,2.09,0.20,0.75,4.03,0.51,0.51,22.90,4.58
257,Wahbi Khazri,ligue1,0.09,0.09,0.09,0.19,0.19,0.19,2.23,2.83,4.54,2.91,0.51,0.03,0.06,0.15,1.54,0.17,0.43,3.00,0.17,0.51,18.43,2.91
258,Anass Zaroury,ligue1,0.00,0.15,0.00,0.11,0.11,0.21,3.11,4.18,7.06,2.05,0.68,0.00,0.05,0.21,2.28,0.15,0.91,4.63,0.23,0.68,26.81,1.59
259,Marco Asensio,ligue1,0.44,0.33,0.39,0.76,0.63,0.31,2.55,5.27,5.83,3.50,1.55,0.11,0.18,0.24,2.44,0.33,0.39,4.88,0.67,1.55,26.02,4.77
260,Matthis Abline,ligue1,0.34,0.07,0.31,0.32,0.29,0.12,2.42,1.43,5.55,2.76,1.02,0.11,0.11,0.11,0.82,0.10,0.14,2.08,0.27,1.02,14.70,4.80
261,Ibrahim Salah,ligue1,0.38,0.19,0.38,0.21,0.21,0.15,3.45,2.49,9.77,3.26,0.96,0.12,0.06,0.10,1.72,0.00,0.57,3.64,0.38,0.96,24.89,3.64
262,Himad Abdelli,ligue1,0.22,0.04,0.11,0.20,0.09,0.11,3.47,6.66,3.62,0.87,0.22,0.13,0.10,0.12,1.23,0.83,0.07,2.86,0.14,0.22,18.78,1.52
263,Dilane Bakwa,ligue1,0.19,0.34,0.19,0.18,0.18,0.27,3.88,4.40,8.95,1.86,0.78,0.10,0.09,0.24,1.90,0.37,0.48,3.92,0.48,0.78,24.32,2.80
264,Issa Soumare,ligue1,0.23,0.18,0.23,0.16,0.16,0.14,2.98,2.04,7.24,1.87,0.88,0.13,0.09,0.09,1.34,0.00,0.06,2.51,0.41,0.88,18.39,4.26
265,Christopher Operi,ligue1,0.06,0.12,0.06,0.04,0.04,0.16,1.82,3.47,4.24,0.71,0.29,0.08,0.05,0.23,1.94,0.06,0.77,2.88,0.18,0.29,20.84,0.82
266,Kamory Doumbia,ligue1,0.11,0.16,0.11,0.23,0.23,0.08,1.26,3.83,3.93,1.58,0.77,0.07,0.15,0.09,1.69,0.22,0.11,4.04,0.55,0.77,19.45,2.46
267,Arnaud Kalimuendo,ligue1,0.59,0.14,0.42,0.52,0.31,0.11,1.60,2.54,6.29,2.43,0.97,0.17,0.13,0.09,0.76,0.14,0.03,1.98,0.31,0.97,14.52,4.76
268,Keito Nakamura,ligue1,0.40,0.07,0.40,0.28,0.28,0.09,3.10,2.60,6.34,2.66,1.01,0.15,0.11,0.10,0.78,0.10,0.24,2.06,0.24,1.01,17.50,4.32
269,Habib Diarra,ligue1,0.19,0.11,0.11,0.12,0.06,0.15,2.27,4.62,4.28,0.99,0.45,0.12,0.06,0.14,0.87,0.23,0.38,2.12,0.23,0.45,12.28,1.36
270,Mitchel Bakker,ligue1,0.24,0.18,0.24,0.21,0.21,0.18,3.00,4.76,8.34,1.53,0.76,0.15,0.13,0.16,1.59,0.06,0.71,2.64,0.29,0.76,25.14,2.47
271,Jordan Pefok,ligue1,0.08,0.08,0.08,0.31,0.31,0.07,0.24,1.29,4.03,2.34,0.64,0.03,0.13,0.04,1.21,0.00,0.00,2.18,0.00,0.64,11.04,4.35
272,Lucas Stassin,ligue1,0.52,0.21,0.52,0.37,0.36,0.18,1.31,1.68,7.44,1.94,1.00,0.27,0.19,0.14,0.94,0.26,0.00,1.78,0.42,1.00,17.55,4.30
273,Maghnes Akliouche,ligue1,0.16,0.30,0.14,0.28,0.25,0.27,4.51,6.07,7.38,2.13,0.68,0.06,0.12,0.26,1.83,0.30,0.16,4.43,0.63,0.68,28.38,5.28
274,Remy Labeau Lascary,ligue1,0.28,0.14,0.28,0.35,0.35,0.16,2.40,0.99,10.03,1.98,0.71,0.14,0.18,0.08,0.99,0.14,0.85,2.83,0.71,0.71,21.33,4.38
275,Elye Wahi,ligue1,0.44,0.18,0.35,0.91,0.84,0.19,1.50,1.15,7.86,3.27,1.24,0.11,0.26,0.08,0.97,0.00,0.09,2.65,0.35,1.24,12.81,6.01
276,Loic Nego,ligue1,0.00,0.04,0.00,0.03,0.03,0.02,2.49,3.71,4.81,0.49,0.12,0.00,0.06,0.07,0.53,0.04,0.53,1.75,0.29,0.12,12.02,1.47
277,Gift Orban,ligue1,0.53,0.00,0.53,0.43,0.43,0.03,0.89,1.16,4.89,1.51,0.62,0.35,0.28,0.09,0.36,0.09,0.09,1.33,0.18,0.62,12.90,3.20
278,Florian Sotoca,ligue1,0.04,0.09,0.04,0.26,0.26,0.11,2.06,5.42,8.55,2.41,0.99,0.02,0.11,0.18,1.03,0.43,0.52,2.79,0.21,0.99,26.82,4.60
279,Patson Daka,epl,0.14,0.00,0.14,0.18,0.18,0.01,1.25,1.11,4.60,2.09,0.56,0.07,0.08,0.01,0.14,0.28,0.00,1.39,0.14,0.56,12.82,3.76
280,Cameron Archer,epl,0.11,0.00,0.11,0.35,0.31,0.03,1.29,0.91,4.67,2.09,0.59,0.05,0.15,0.04,0.38,0.16,0.05,1.50,0.05,0.59,10.30,3.11
281,Jack Harrison,epl,0.04,0.00,0.04,0.16,0.16,0.17,2.88,2.06,5.67,1.50,0.30,0.03,0.10,0.16,1.63,0.13,0.47,2.88,0.21,0.30,20.02,3.14
282,Darwin Nunez,epl,0.33,0.17,0.33,0.50,0.50,0.12,2.04,2.15,6.46,2.82,1.38,0.12,0.18,0.04,0.94,0.06,0.00,2.15,0.39,1.38,16.95,5.63
283,Harvey Barnes,epl,0.58,0.29,0.58,0.41,0.41,0.24,4.41,4.12,9.39,3.13,1.10,0.19,0.13,0.24,1.28,0.12,0.58,3.25,0.64,1.10,21.92,5.97
284,Mikey Moore,epl,0.18,0.36,0.18,0.16,0.16,0.13,5.25,5.25,13.94,2.17,0.91,0.08,0.07,0.18,1.27,0.18,0.18,3.26,0.72,0.91,36.94,6.34
285,Donyell Malen,epl,0.71,0.07,0.71,0.59,0.59,0.09,3.13,2.13,10.09,3.48,1.63,0.20,0.18,0.10,0.57,0.07,0.14,2.20,0.64,1.63,25.43,6.39
286,Hamed Junior Traore,epl,0.45,0.09,0.45,0.36,0.36,0.12,2.93,4.05,6.21,2.97,1.17,0.15,0.12,0.13,1.17,0.41,0.18,3.11,0.27,1.17,19.13,3.83
287,Adam Armstrong,epl,0.14,0.14,0.14,0.24,0.17,0.09,1.80,1.51,5.70,1.80,0.50,0.08,0.09,0.04,0.65,0.00,0.14,1.37,0.29,0.50,13.85,3.53
288,Brennan Johnson,epl,0.41,0.21,0.41,0.41,0.41,0.18,2.65,2.89,9.19,2.27,0.77,0.18,0.18,0.12,1.12,0.03,0.27,2.18,0.32,0.77,21.26,5.27
289,Jota Silva,epl,0.33,0.11,0.33,0.21,0.21,0.32,2.07,1.74,5.87,2.28,0.76,0.14,0.09,0.20,1.52,0.11,0.33,3.15,0.33,0.76,18.80,4.78
290,Fabio Carvalho,epl,0.40,0.20,0.40,0.49,0.49,0.14,1.78,3.36,4.55,2.37,0.99,0.17,0.21,0.12,0.79,0.40,0.20,1.98,0.20,0.99,22.35,4.35
291,Goncalo Guedes,epl,0.23,0.30,0.23,0.26,0.26,0.13,3.71,3.94,7.57,2.27,0.68,0.10,0.11,0.09,1.67,0.00,0.76,3.33,0.76,0.68,21.95,3.78
292,Raheem Sterling,epl,0.23,0.45,0.23,0.36,0.27,0.18,4.85,3.16,11.28,2.26,0.79,0.10,0.12,0.16,1.80,0.11,0.34,3.83,0.90,0.79,34.62,6.88
293,Leandro Trossard,epl,0.35,0.20,0.35,0.28,0.26,0.19,2.86,3.79,7.70,2.57,0.70,0.14,0.10,0.18,1.40,0.29,0.35,3.21,0.41,0.70,25.90,5.37
294,Bobby Reid,epl,0.11,0.21,0.11,0.14,0.14,0.14,1.61,2.04,5.57,1.29,0.32,0.08,0.11,0.03,0.86,0.00,0.00,1.50,0.32,0.32,13.93,2.57
295,Nasser Djiga,epl,0.12,0.12,0.12,0.02,0.02,0.09,1.58,4.01,0.97,0.36,0.12,0.33,0.07,0.06,0.24,0.00,0.12,0.61,0.24,0.12,3.89,1.09
296,Kieran Tierney,epl,0.00,0.00,0.00,0.03,0.03,0.16,1.48,5.44,4.95,0.16,0.00,0.00,0.21,0.12,1.81,0.16,0.33,2.14,0.00,0.00,21.43,1.15
297,Matheus Cunha,epl,0.52,0.17,0.52,0.28,0.28,0.24,3.66,4.77,5.73,3.38,1.42,0.15,0.08,0.18,1.66,0.45,0.31,4.04,0.52,1.42,23.62,4.32
298,Justin Kluivert,epl,0.49,0.23,0.26,0.42,0.24,0.19,3.11,3.83,6.15,2.33,0.98,0.11,0.11,0.14,1.73,0.15,0.23,3.98,0.45,0.98,23.78,4.99
299,Ethan Nwaneri,epl,0.52,0.17,0.52,0.17,0.17,0.12,4.70,3.13,10.18,2.87,1.22,0.18,0.06,0.22,1.13,0.17,0.78,2.18,0.26,1.22,31.33,4.27
300,Danny Welbeck,epl,0.41,0.17,0.41,0.39,0.39,0.05,0.91,1.95,3.90,2.45,0.95,0.17,0.16,0.06,0.87,0.08,0.00,2.28,0.29,0.95,15.02,4.11
301,Bernardo Silva,epl,0.05,0.23,0.05,0.11,0.11,0.16,3.65,4.63,7.69,1.00,0.31,0.05,0.11,0.16,1.67,0.13,0.21,3.32,0.41,0.31,30.24,4.73
302,Jean Ricner Bellegarde,epl,0.11,0.33,0.11,0.08,0.08,0.20,2.81,2.04,4.75,1.16,0.28,0.10,0.07,0.14,1.49,0.28,0.39,3.03,0.55,0.28,16.44,2.32
303,Alexander Isak,epl,0.77,0.22,0.68,0.68,0.58,0.18,2.91,2.76,6.97,3.04,1.39,0.22,0.19,0.13,1.43,0.16,0.03,3.16,0.59,1.39,19.37,6.23
304,Simon Adingra,epl,0.14,0.07,0.14,0.20,0.20,0.21,3.86,1.62,10.54,2.53,0.77,0.06,0.08,0.27,1.41,0.28,0.42,3.79,0.42,0.77,25.57,6.60
305,Harry Wilson,epl,0.56,0.28,0.56,0.33,0.33,0.14,1.96,4.48,7.27,2.98,0.93,0.19,0.11,0.10,1.87,0.09,0.00,3.36,0.47,0.93,23.78,4.57
306,Jacob Ramsey,epl,0.10,0.25,0.10,0.14,0.14,0.18,3.46,3.95,6.23,1.14,0.40,0.09,0.12,0.17,1.38,0.15,0.05,3.16,0.49,0.40,20.36,4.15
307,Nicolas Dominguez,epl,0.00,0.06,0.00,0.08,0.08,0.07,0.72,3.53,1.44,0.99,0.39,0.00,0.08,0.07,0.72,0.22,0.00,1.60,0.00,0.39,13.25,1.33
308,Ben Johnson,epl,0.07,0.14,0.07,0.08,0.08,0.09,1.10,1.71,2.20,0.48,0.21,0.14,0.15,0.05,0.82,0.14,0.14,1.58,0.34,0.21,10.98,0.82
309,Jordan Ayew,epl,0.24,0.06,0.18,0.21,0.16,0.06,2.54,1.94,4.72,1.76,0.54,0.10,0.09,0.08,0.91,0.18,0.36,2.18,0.12,0.54,18.34,3.21
310,Anthony Gordon,epl,0.24,0.24,0.21,0.31,0.26,0.23,4.55,3.79,8.03,2.17,0.62,0.10,0.12,0.21,2.24,0.34,0.62,4.58,0.62,0.62,25.44,5.14
311,Federico Chiesa,epl,0.38,0.19,0.38,0.29,0.29,0.19,4.58,3.05,11.06,4.77,2.10,0.08,0.06,0.15,2.10,0.19,0.57,5.72,1.14,2.10,28.60,7.06
312,Albert Gronbaek,epl,0.19,0.09,0.19,0.15,0.15,0.10,2.26,2.92,5.74,2.26,0.85,0.08,0.07,0.08,1.88,0.09,0.00,2.92,0.47,0.85,20.05,4.05
313,Erling Haaland,epl,0.90,0.07,0.72,0.88,0.71,0.08,0.87,0.87,3.76,3.76,1.99,0.19,0.19,0.05,0.80,0.02,0.02,2.06,0.32,1.99,12.81,6.42
314,Jader Duran,epl,1.07,0.00,1.07,0.56,0.56,0.04,0.89,1.70,5.81,4.56,1.88,0.24,0.12,0.04,0.63,0.27,0.00,1.88,0.09,1.88,16.98,6.26
315,Mikkel Damsgaard,epl,0.07,0.33,0.07,0.09,0.09,0.25,2.33,7.23,4.07,1.07,0.23,0.06,0.08,0.20,1.87,0.77,0.50,3.80,0.70,0.23,22.20,2.47
316,Marshall Munetsi,epl,0.20,0.10,0.20,0.25,0.25,0.10,0.46,1.49,2.64,1.65,0.56,0.12,0.15,0.06,0.79,0.10,0.07,1.88,0.17,0.56,9.67,2.87
317,Mason Mount,epl,0.00,0.00,0.00,0.36,0.36,0.06,1.67,4.40,4.40,1.97,0.76,0.00,0.19,0.12,1.06,0.15,0.46,2.43,0.30,0.76,19.43,3.04
318,Rodrigo Gomes,epl,0.14,0.00,0.14,0.06,0.06,0.11,2.99,3.41,8.82,0.57,0.28,0.25,0.09,0.10,1.56,0.14,0.57,2.56,0.00,0.28,20.33,3.55
319,Ben Brereton,epl,0.21,0.00,0.10,0.35,0.27,0.05,1.85,2.26,7.28,2.87,0.62,0.04,0.09,0.03,0.51,0.10,0.21,2.15,0.10,0.62,19.27,4.20
320,Jamie Vardy,epl,0.25,0.11,0.22,0.34,0.31,0.11,0.98,0.73,3.77,1.78,0.73,0.12,0.18,0.09,0.65,0.04,0.04,1.45,0.33,0.73,8.41,3.59
321,Reiss Nelson,epl,0.18,0.18,0.18,0.20,0.20,0.18,8.27,6.43,11.57,2.20,1.10,0.08,0.09,0.18,2.39,0.37,0.55,5.69,0.18,1.10,38.94,6.43
322,Dominic Calvert Lewin,epl,0.24,0.10,0.19,0.38,0.35,0.10,1.38,1.05,6.03,2.66,1.09,0.07,0.13,0.07,0.43,0.00,0.05,1.62,0.24,1.09,15.25,4.61
323,Joshua Zirkzee,epl,0.24,0.12,0.24,0.28,0.28,0.14,1.14,3.16,4.58,1.99,0.73,0.12,0.14,0.09,0.93,0.49,0.00,2.31,0.32,0.73,14.80,4.05
324,Neal Maupay,epl,0.34,0.34,0.34,0.35,0.35,0.19,1.03,3.17,6.85,1.63,0.86,0.21,0.22,0.11,1.11,0.09,0.00,1.88,0.43,0.86,14.90,4.11
325,Pablo Sarabia,epl,0.34,0.23,0.34,0.33,0.33,0.19,1.58,5.97,6.87,2.03,1.13,0.17,0.16,0.21,1.58,0.56,0.23,3.15,0.34,1.13,23.65,2.70
326,Yoane Wissa,epl,0.61,0.17,0.61,0.52,0.52,0.08,1.75,2.02,5.02,2.66,1.21,0.23,0.19,0.06,0.88,0.13,0.07,2.15,0.37,1.21,13.50,5.02
327,Niclas Fullkrug,epl,0.37,0.19,0.37,0.52,0.52,0.22,0.93,1.40,3.36,2.43,0.84,0.15,0.22,0.07,1.96,0.00,0.00,2.43,0.19,0.84,11.59,5.70
328,Kai Havertz,epl,0.54,0.19,0.54,0.48,0.48,0.16,1.53,2.67,6.26,2.64,1.14,0.20,0.18,0.13,1.24,0.10,0.06,2.58,0.25,1.14,20.54,5.88
329,Brajan Gruda,epl,0.12,0.24,0.12,0.14,0.14,0.27,3.33,2.86,8.10,0.95,0.48,0.13,0.15,0.25,2.26,0.00,0.24,4.88,0.48,0.48,25.48,5.24
330,Dango Ouattara,epl,0.29,0.21,0.29,0.36,0.36,0.23,3.33,1.98,8.46,2.78,0.97,0.11,0.13,0.14,1.43,0.25,0.42,3.07,0.29,0.97,22.27,5.68
331,Jarrod Bowen,epl,0.29,0.19,0.29,,0.28,0.20,3.36,2.82,6.02,2.79,,,,,,,,3.30,,,,5.25
332,Savio,epl,0.10,0.36,0.10,0.25,0.25,0.30,6.58,3.29,13.01,2.64,0.91,0.04,0.10,0.29,2.18,0.20,0.36,4.95,0.75,0.91,37.62,7.30
333,Chris Wood,epl,0.66,0.09,0.57,0.47,0.40,0.08,0.57,1.23,2.77,2.05,1.13,0.28,0.19,0.04,0.60,0.03,0.03,1.54,0.16,1.13,9.52,3.09
334,Leon Bailey,epl,0.09,0.14,0.09,0.13,0.13,0.23,3.99,2.58,7.98,1.92,0.47,0.05,0.07,0.24,1.45,0.52,0.14,3.00,0.28,0.47,21.73,4.74
335,Lucas Paqueta,epl,0.14,0.00,0.07,0.19,0.13,0.13,0.79,5.40,3.28,1.40,0.11,0.05,0.09,0.14,1.37,0.76,0.18,3.02,0.25,0.11,16.56,2.23
336,Gabriel Jesus,epl,0.30,0.20,0.30,0.43,0.43,0.13,2.37,2.57,10.36,2.86,1.09,0.10,0.15,0.11,1.48,0.10,0.10,2.76,0.59,1.09,27.63,7.11
337,Omari Hutchinson,epl,0.12,0.08,0.12,0.09,0.09,0.10,2.87,2.79,5.30,1.46,0.65,0.08,0.06,0.06,0.93,0.16,0.36,2.59,0.24,0.65,18.74,3.00
338,Stephy Mavididi,epl,0.22,0.06,0.22,0.10,0.10,0.14,5.07,3.18,7.69,1.45,0.39,0.15,0.07,0.18,1.23,0.33,0.39,2.79,0.39,0.39,23.46,3.40
339,Alejandro Garnacho,epl,0.16,0.16,0.16,0.34,0.34,0.18,6.32,2.12,12.01,3.76,1.28,0.04,0.09,0.11,1.55,0.05,0.14,3.79,0.33,1.28,28.38,7.87
340,Marcus Tavernier,epl,0.16,0.27,0.16,0.29,0.29,0.17,2.19,5.53,5.81,2.74,0.88,0.06,0.11,0.15,2.19,0.16,0.49,4.93,0.55,0.88,29.47,2.96
341,Yankuba Minteh,epl,0.31,0.24,0.31,0.23,0.23,0.29,3.86,2.14,9.43,1.71,0.80,0.18,0.13,0.28,1.53,0.12,0.37,3.18,0.61,0.80,22.96,6.86
342,Son Heung min,epl,0.34,0.31,0.25,0.35,0.26,0.36,4.49,4.66,11.84,2.46,1.07,0.10,0.11,0.22,2.18,0.23,0.23,5.00,0.57,1.07,29.83,5.68
343,Carlos Soler,epl,0.12,0.06,0.12,0.13,0.13,0.09,1.15,4.55,2.47,1.61,0.52,0.07,0.08,0.09,1.15,0.23,0.00,3.28,0.12,0.52,14.04,1.38
344,Keane Lewis Potter,epl,0.03,0.09,0.03,0.10,0.10,0.10,3.17,2.80,5.06,1.01,0.53,0.03,0.10,0.15,0.72,0.13,0.44,2.17,0.25,0.53,15.78,2.70
345,Mathys Tel,epl,0.22,0.15,0.15,0.31,0.25,0.16,2.33,2.33,8.88,3.13,1.09,0.05,0.08,0.14,0.95,0.00,0.44,1.89,0.22,1.09,24.66,4.37
346,Jack Grealish,epl,0.15,0.08,0.15,0.15,0.15,0.19,7.49,5.87,12.67,1.70,0.46,0.09,0.09,0.21,2.47,0.15,0.00,5.25,0.23,0.46,36.08,7.26
347,Diogo Jota,epl,0.41,0.21,0.41,0.56,0.56,0.14,2.61,3.03,6.60,3.44,0.96,0.12,0.16,0.08,0.89,0.07,0.07,2.75,0.69,0.96,18.63,7.01
348,Alex Iwobi,epl,0.27,0.15,0.27,0.14,0.14,0.20,4.33,6.01,7.00,1.92,0.87,0.14,0.07,0.20,1.80,0.39,0.51,3.88,0.48,0.87,25.18,3.34
349,Joe Willock,epl,0.00,0.20,0.00,0.12,0.12,0.16,3.15,3.45,6.90,1.42,0.30,0.00,0.09,0.08,1.83,0.00,0.00,3.86,0.41,0.30,19.38,3.75
350,Rasmus Hojlund,epl,0.36,0.07,0.36,0.28,0.28,0.14,1.37,1.04,4.34,1.66,0.78,0.22,0.17,0.06,1.04,0.07,0.03,2.12,0.13,0.78,10.84,3.72
351,Ismaila Sarr,epl,0.24,0.14,0.24,0.31,0.31,0.24,2.35,2.87,6.28,1.71,0.92,0.14,0.19,0.19,1.26,0.34,0.31,3.45,0.34,0.92,16.58,4.30
352,Kevin Schade,epl,0.32,0.09,0.32,0.29,0.29,0.15,2.54,1.45,6.53,2.13,0.91,0.15,0.13,0.07,0.86,0.05,0.14,2.22,0.36,0.91,20.57,5.62
353,Kasey McAteer,epl,0.00,0.19,0.00,0.11,0.11,0.09,2.42,1.67,7.81,1.49,0.56,0.00,0.08,0.06,1.12,0.00,0.37,2.79,0.37,0.56,18.97,3.53
354,Liam Delap,epl,0.46,0.08,0.38,0.34,0.28,0.07,2.22,1.15,3.86,2.26,1.03,0.17,0.13,0.05,0.77,0.27,0.00,2.29,0.27,1.03,11.82,3.25
355,Luis Diaz,epl,0.40,0.17,0.40,0.37,0.37,0.21,4.43,4.09,11.28,2.56,1.08,0.16,0.14,0.18,2.19,0.09,0.23,4.89,0.54,1.08,27.67,6.79
356,Kaoru Mitoma,epl,0.29,0.11,0.29,0.30,0.30,0.16,4.91,2.92,9.89,1.91,0.87,0.15,0.16,0.13,1.26,0.25,0.29,3.00,0.29,0.87,26.07,5.52
357,Enes Unal,epl,0.52,0.35,0.52,0.71,0.71,0.21,1.04,2.43,6.08,5.04,1.74,0.10,0.14,0.05,1.22,0.17,0.00,2.08,0.70,1.74,21.54,6.43
358,Timo Werner,epl,0.00,0.37,0.00,0.18,0.18,0.39,7.12,4.91,13.87,1.72,0.61,0.00,0.10,0.28,1.60,0.25,0.61,3.44,0.37,0.61,34.50,5.53
359,Jaden Philogene Bidace,epl,0.19,0.00,0.19,0.24,0.24,0.06,2.14,1.36,5.63,1.94,0.49,0.10,0.13,0.04,0.68,0.10,0.29,1.55,0.00,0.49,17.38,3.30
360,Wilson Odobert,epl,0.18,0.00,0.18,0.24,0.24,0.14,6.03,3.15,8.01,2.25,0.63,0.08,0.11,0.10,0.90,0.00,0.27,2.52,0.09,0.63,26.46,5.22
361,Christopher Nkunku,epl,0.34,0.17,0.34,0.47,0.46,0.19,1.72,3.01,6.46,2.58,1.12,0.13,0.18,0.10,1.29,0.26,0.00,3.27,0.34,1.12,23.00,4.91
362,Jadon Sancho,epl,0.17,0.21,0.17,0.09,0.09,0.20,5.35,5.00,11.08,1.11,0.34,0.15,0.08,0.18,1.97,0.39,0.00,3.85,0.51,0.34,30.76,5.99
363,Georginio Rutter,epl,0.27,0.16,0.27,0.25,0.25,0.14,2.28,3.64,4.29,2.72,0.65,0.10,0.09,0.09,1.03,0.65,0.05,3.48,0.43,0.65,17.72,4.29
364,Pedro Neto,epl,0.20,0.20,0.20,0.14,0.14,0.26,5.22,2.54,10.58,2.54,0.83,0.08,0.05,0.20,2.00,0.00,1.02,4.05,0.34,0.83,30.37,4.92
365,Marcus Rashford,epl,0.27,0.27,0.27,0.22,0.22,0.27,3.13,2.31,8.44,2.09,0.82,0.13,0.11,0.23,1.68,0.54,0.50,3.77,0.59,0.82,25.04,4.85
366,Raul Jimenez,epl,0.50,0.13,0.38,0.46,0.36,0.13,1.33,2.33,5.13,3.33,1.17,0.11,0.11,0.08,0.75,0.13,0.17,2.25,0.25,1.17,16.96,6.17
367,Danilo,epl,0.00,0.15,0.00,0.05,0.05,0.08,0.90,3.91,0.75,0.60,0.00,0.00,0.06,0.03,1.35,0.15,0.00,3.61,0.45,0.00,7.06,0.30
368,Joelinton,epl,0.14,0.11,0.14,0.17,0.17,0.12,1.70,4.43,3.97,1.74,0.53,0.08,0.10,0.10,0.99,0.32,0.07,2.45,0.32,0.53,17.19,3.08
369,Conor Chaplin,epl,0.14,0.14,0.14,0.17,0.17,0.09,1.44,3.60,2.88,1.73,0.43,0.08,0.10,0.09,0.86,1.30,0.29,2.74,0.14,0.43,14.40,1.73
370,Iliman Ndiaye,epl,0.27,0.04,0.19,0.23,0.17,0.07,3.32,2.05,4.68,1.47,0.54,0.13,0.11,0.06,0.70,0.12,0.23,2.47,0.27,0.54,17.63,3.25
371,Mohamed Salah,epl,0.68,0.51,0.46,0.69,0.51,0.37,4.13,4.06,12.65,3.43,1.41,0.13,0.15,0.23,2.11,0.46,0.37,4.30,0.70,1.41,29.51,9.16
372,Dominic Solanke,epl,0.33,0.21,0.30,0.46,0.43,0.15,1.50,1.99,4.06,2.47,0.96,0.12,0.18,0.06,0.78,0.15,0.00,1.81,0.39,0.96,12.76,5.06
373,Mikel Merino,epl,0.33,0.18,0.33,0.20,0.20,0.11,0.62,4.38,4.52,1.63,0.69,0.20,0.12,0.09,0.87,0.40,0.14,2.24,0.40,0.69,17.29,3.65
374,Jacob Murphy,epl,0.34,0.56,0.34,0.24,0.24,0.38,2.84,2.88,8.74,1.79,0.71,0.19,0.13,0.25,1.87,0.19,0.63,3.47,0.67,0.71,23.83,3.51
375,Jorgen Strand Larsen,epl,0.47,0.10,0.47,0.41,0.41,0.09,0.53,0.86,4.06,1.99,1.20,0.23,0.21,0.05,0.73,0.03,0.07,1.46,0.17,1.20,11.34,4.09
376,Ollie Watkins,epl,0.44,0.33,0.38,0.52,0.46,0.16,1.87,1.01,5.71,2.74,1.12,0.14,0.17,0.06,1.04,0.00,0.00,2.25,0.47,1.12,13.91,5.71
377,Amad Diallo,epl,0.34,0.27,0.34,0.22,0.22,0.24,5.11,2.86,8.99,2.40,0.84,0.14,0.09,0.19,2.17,0.15,0.23,4.57,0.69,0.84,28.31,5.83
378,Kamaldeen Sulemana,epl,0.09,0.09,0.09,0.10,0.10,0.06,4.56,2.07,5.94,1.89,0.60,0.05,0.06,0.06,0.78,0.00,0.52,2.24,0.26,0.60,21.36,3.88
379,Bukayo Saka,epl,0.50,0.50,0.38,0.42,0.29,0.40,4.73,3.62,12.85,3.19,1.27,0.12,0.09,0.36,2.65,0.23,0.42,5.46,1.19,1.27,36.27,8.08
380,Rodrigo Muniz,epl,0.69,0.08,0.69,0.52,0.52,0.05,0.46,2.29,3.13,3.36,1.76,0.20,0.15,0.02,0.53,0.23,0.00,1.68,0.15,1.76,11.31,5.04
381,Joao Felix,epl,0.08,0.08,0.08,0.43,0.43,0.15,3.33,5.34,7.04,4.26,1.32,0.02,0.10,0.13,1.24,0.54,0.00,4.02,0.46,1.32,26.31,6.04
382,Paul Onuachu,epl,0.37,0.09,0.37,0.30,0.30,0.05,0.64,1.10,3.57,2.93,1.28,0.13,0.10,0.03,0.73,0.00,0.00,0.82,0.09,1.28,13.90,5.49
383,John McGinn,epl,0.12,0.15,0.12,0.15,0.14,0.12,1.33,4.07,2.80,1.21,0.29,0.10,0.12,0.11,1.06,0.27,0.29,2.83,0.32,0.29,13.21,2.15
384,Facundo Buonanotte,epl,0.21,0.11,0.21,0.22,0.22,0.16,2.31,3.15,4.20,1.89,0.58,0.11,0.11,0.12,1.31,0.37,0.11,2.73,0.21,0.58,17.28,1.94
385,Eddie Nketiah,epl,0.11,0.11,0.11,0.42,0.42,0.17,3.93,1.69,7.30,3.71,1.35,0.03,0.11,0.09,1.24,0.22,0.00,2.70,0.22,1.35,19.10,6.18
386,Jack Clarke,epl,0.00,0.36,0.00,0.09,0.09,0.18,2.63,2.90,4.26,1.27,0.18,0.00,0.07,0.09,1.99,0.09,0.00,3.44,0.45,0.18,15.85,2.63
387,Wes Burns,epl,0.00,0.10,0.00,0.05,0.05,0.16,3.69,0.78,6.32,0.68,0.10,0.00,0.07,0.12,0.97,0.00,0.68,1.56,0.10,0.10,15.55,1.75
388,Julio Enciso,epl,0.08,0.25,0.08,0.24,0.24,0.18,3.16,4.40,4.65,4.24,1.66,0.02,0.06,0.16,1.58,0.25,0.25,3.57,0.25,1.66,24.18,3.32
389,Jean Philippe Mateta,epl,0.64,0.10,0.58,0.49,0.43,0.11,1.29,1.58,4.37,2.22,1.03,0.26,0.20,0.07,1.00,0.23,0.06,2.03,0.32,1.03,11.77,3.31
390,Jesper Lindstrom,epl,0.00,0.07,0.00,0.15,0.15,0.14,2.18,1.84,5.91,1.97,0.68,0.00,0.07,0.14,1.50,0.07,0.48,3.40,0.07,0.68,22.57,2.79
391,Nathan Broadhead,epl,0.15,0.00,0.15,0.22,0.22,0.09,2.53,1.79,4.02,1.49,0.89,0.10,0.15,0.16,0.89,0.45,0.00,2.83,0.30,0.89,16.21,2.83
392,Cody Gakpo,epl,0.52,0.20,0.48,0.45,0.42,0.23,2.86,3.22,12.45,3.02,1.19,0.16,0.14,0.21,1.79,0.08,0.36,4.14,0.44,1.19,26.73,5.57
393,Hwang Hee chan,epl,0.34,0.00,0.34,0.17,0.17,0.02,1.78,1.53,5.42,1.10,0.68,0.31,0.15,0.06,0.34,0.17,0.17,1.27,0.08,0.68,14.75,3.81
394,Harvey Elliott,epl,0.51,0.51,0.51,0.27,0.27,0.23,2.67,9.39,8.12,3.30,1.27,0.15,0.08,0.25,2.41,0.38,0.38,5.84,1.02,1.27,36.18,4.82
395,Mykhailo Mudryk,epl,0.16,0.00,0.16,0.17,0.17,0.30,3.80,2.69,5.86,1.58,0.79,0.10,0.11,0.14,1.90,0.16,0.16,3.17,0.00,0.79,18.22,3.01
396,Jeremy Doku,epl,0.16,0.32,0.16,0.09,0.09,0.25,12.00,3.70,16.50,2.04,0.86,0.08,0.04,0.25,1.88,0.43,0.38,4.61,0.70,0.86,46.82,9.80
397,Marco Asensio,epl,0.45,0.34,0.39,0.77,0.63,0.31,2.58,5.26,5.88,3.53,1.57,0.11,0.18,0.24,2.46,0.34,0.39,4.93,0.67,1.57,26.15,4.82
398,Gabriel Martinelli,epl,0.29,0.16,0.29,0.31,0.31,0.23,5.12,2.05,11.39,2.08,0.96,0.14,0.15,0.25,1.76,0.16,0.67,3.01,0.22,0.96,25.63,6.97
399,Crysencio Summerville,epl,0.11,0.11,0.11,0.18,0.18,0.19,3.32,2.06,8.13,1.60,0.46,0.07,0.12,0.19,1.95,0.34,0.57,4.01,0.11,0.46,20.73,4.35
400,Omar Marmoush,epl,0.75,0.32,0.60,0.57,0.46,0.25,3.56,2.78,7.57,4.13,1.72,0.15,0.11,0.20,1.89,0.32,0.20,4.88,0.83,1.72,26.42,6.05
401,Noni Madueke,epl,0.37,0.21,0.37,0.37,0.37,0.25,6.48,3.70,10.76,3.45,1.33,0.11,0.11,0.16,1.66,0.12,0.37,4.11,0.50,1.33,28.12,8.14
402,Mohammed Kudus,epl,0.14,0.14,0.14,,0.25,0.10,3.74,2.66,7.61,2.60,,,,,,,,3.84,,,,4.43
403,Eberechi Eze,epl,0.21,0.31,0.21,0.32,0.30,0.20,2.55,3.30,5.82,3.65,1.03,0.06,0.08,0.16,2.03,0.34,0.24,4.72,0.45,1.03,22.13,3.48
404,Morgan Rogers,epl,0.31,0.24,0.31,0.22,0.22,0.21,3.30,3.70,5.47,1.86,0.68,0.16,0.12,0.15,1.49,0.50,0.09,3.14,0.40,0.68,17.48,4.22
405,Callum Hudson Odoi,epl,0.29,0.07,0.29,0.11,0.11,0.12,5.35,2.93,8.20,1.76,0.77,0.17,0.06,0.14,1.98,0.18,0.44,4.03,0.40,0.77,25.23,3.33
406,Phil Foden,epl,0.49,0.13,0.49,0.26,0.26,0.24,2.49,5.24,7.12,3.04,1.23,0.16,0.09,0.24,2.36,0.29,0.23,4.69,0.65,1.23,34.97,4.27
407,Antoine Semenyo,epl,0.25,0.11,0.25,0.27,0.27,0.17,4.18,3.19,8.14,3.49,1.10,0.07,0.08,0.14,1.35,0.30,0.25,3.77,0.33,1.10,25.19,5.64
408,Anthony Elanga,epl,0.24,0.39,0.24,0.16,0.16,0.21,3.57,1.92,6.97,1.49,0.67,0.16,0.11,0.18,1.68,0.12,0.27,3.60,0.67,0.67,22.22,3.80
409,Michail Antonio,epl,0.16,0.08,0.16,0.22,0.22,0.13,2.74,1.57,5.48,1.96,0.55,0.08,0.11,0.08,0.71,0.24,0.16,2.27,0.31,0.55,14.26,3.45
410,Richarlison,epl,0.77,0.26,0.64,0.71,0.61,0.17,1.91,2.17,4.72,3.32,1.28,0.19,0.19,0.15,0.77,0.00,0.38,1.91,0.26,1.28,14.43,6.13
411,George Hirst,epl,0.40,0.20,0.40,0.26,0.26,0.06,1.80,2.20,4.99,1.80,0.80,0.22,0.14,0.02,0.60,0.00,0.00,1.40,0.60,0.80,14.97,4.19
412,Dwight McNeil,epl,0.17,0.28,0.17,0.07,0.07,0.27,2.27,4.09,4.60,1.76,0.51,0.10,0.04,0.31,2.56,0.45,0.62,5.11,0.62,0.51,23.05,1.65
413,Evanilson,epl,0.43,0.00,0.43,0.52,0.48,0.07,1.18,0.90,4.07,2.93,1.32,0.15,0.17,0.07,1.04,0.19,0.00,2.60,0.33,1.32,11.63,5.30
414,Tyler Dibling,epl,0.11,0.00,0.11,0.13,0.13,0.08,3.58,3.15,4.81,1.50,0.48,0.07,0.09,0.07,1.07,0.43,0.05,2.94,0.21,0.48,18.65,2.14
415,Beto,epl,0.47,0.00,0.47,0.48,0.48,0.06,0.95,0.71,4.57,2.68,1.34,0.18,0.18,0.02,0.63,0.08,0.08,1.34,0.00,1.34,14.43,5.21
416,Nicolas Jackson,epl,0.44,0.20,0.44,0.57,0.57,0.17,2.41,1.70,5.90,3.15,1.32,0.14,0.18,0.08,1.29,0.17,0.03,3.12,0.37,1.32,14.99,5.77
417,Adama Traore,epl,0.16,0.32,0.16,0.21,0.21,0.23,4.90,3.23,8.39,2.04,0.70,0.08,0.10,0.22,1.88,0.27,0.75,3.71,0.48,0.70,23.13,4.95
418,Joao Pedro,epl,0.41,0.26,0.23,0.45,0.26,0.23,3.34,3.68,6.05,2.10,0.64,0.11,0.13,0.17,1.54,0.41,0.30,3.53,0.41,0.64,23.34,6.13
419,Carlos Alcaraz,epl,0.15,0.15,0.15,0.21,0.21,0.18,2.26,5.88,2.11,3.17,1.06,0.05,0.07,0.08,1.51,0.15,0.30,3.47,0.30,1.06,19.30,2.56
420,Abdul Fatawu Issahaku,epl,0.00,0.31,0.00,0.06,0.06,0.25,6.53,2.64,9.33,2.02,0.78,0.00,0.03,0.22,0.93,0.31,0.31,2.64,0.47,0.78,24.40,4.04
421,Bryan Mbeumo,epl,0.51,0.19,0.38,0.30,0.19,0.23,3.36,3.76,9.04,1.92,0.84,0.20,0.10,0.24,1.79,0.41,0.46,3.71,0.49,0.84,25.94,4.14
422,Ashley Young,epl,0.05,0.14,0.05,0.01,0.01,0.07,1.01,4.30,1.28,0.32,0.14,0.14,0.04,0.09,0.87,0.09,0.37,1.88,0.27,0.14,13.77,0.46
423,David Brooks,epl,0.22,0.00,0.22,0.24,0.24,0.19,2.76,2.98,8.28,2.43,1.10,0.09,0.10,0.19,1.77,0.22,0.55,3.87,0.22,1.10,26.28,3.53
424,Sammie Szmodics,epl,0.37,0.00,0.37,0.31,0.31,0.02,1.47,1.65,4.23,1.93,1.10,0.19,0.16,0.05,0.37,0.00,0.09,0.83,0.00,1.10,10.66,3.03
425,Dejan Kulusevski,epl,0.29,0.17,0.29,0.17,0.17,0.24,4.55,4.72,9.21,1.99,0.78,0.14,0.09,0.17,2.42,0.40,0.35,4.78,0.37,0.78,27.61,6.13
426,Valentin Barco,laliga,0.00,0.13,0.00,0.05,0.05,0.13,1.40,4.21,4.72,1.21,0.19,0.00,0.04,0.10,0.83,0.38,0.06,1.91,0.38,0.19,21.13,1.15
427,Unai Gomez,laliga,0.11,0.16,0.11,0.11,0.11,0.10,1.42,1.80,3.60,1.58,0.38,0.07,0.07,0.08,1.09,0.16,0.00,2.13,0.16,0.38,13.75,2.07
428,Ruben Garcia,laliga,0.15,0.19,0.15,0.13,0.13,0.13,1.36,4.08,5.66,1.09,0.34,0.14,0.12,0.18,1.74,0.08,0.57,3.81,0.45,0.34,23.14,2.38
429,Ilias Akhomach,laliga,0.11,0.00,0.11,0.09,0.09,0.17,4.63,2.52,11.04,2.63,0.74,0.04,0.04,0.24,1.26,0.21,0.32,4.63,0.11,0.74,27.02,4.84
430,Antoine Griezmann,laliga,0.45,0.19,0.42,0.31,0.27,0.19,1.72,4.73,6.39,1.93,0.74,0.22,0.14,0.19,1.45,0.37,0.34,3.14,0.37,0.74,26.03,3.41
431,Assane Diao,laliga,0.53,0.18,0.53,0.28,0.28,0.11,3.47,2.18,8.42,2.06,0.82,0.26,0.14,0.06,0.94,0.00,0.06,2.24,0.35,0.82,20.07,4.53
432,Marcos Andre,laliga,0.08,0.15,0.08,0.21,0.21,0.06,0.84,1.22,2.98,1.68,0.15,0.05,0.12,0.02,0.69,0.23,0.00,1.45,0.08,0.15,9.77,2.44
433,Chidera Ejuke,laliga,0.19,0.09,0.19,0.10,0.10,0.15,6.83,3.41,9.10,1.90,0.76,0.10,0.05,0.08,1.61,0.19,0.28,3.70,0.19,0.76,26.93,3.70
434,Iker Losada,laliga,0.14,0.00,0.14,0.22,0.22,0.08,2.31,4.08,4.77,1.09,0.41,0.13,0.20,0.11,1.50,0.54,0.41,2.04,0.00,0.41,18.79,2.59
435,Alvaro djalo,laliga,0.12,0.00,0.12,0.11,0.11,0.11,2.62,1.07,8.58,1.91,0.36,0.06,0.06,0.08,0.60,0.00,0.60,1.55,0.12,0.36,17.52,2.86
436,Gorka Guruzeta,laliga,0.28,0.20,0.28,0.26,0.26,0.11,0.36,1.46,3.40,2.69,0.87,0.10,0.10,0.04,0.87,0.04,0.00,1.50,0.16,0.87,12.09,4.11
437,Isaac Romero,laliga,0.17,0.08,0.17,0.27,0.24,0.09,1.04,0.91,3.99,2.20,0.71,0.08,0.11,0.09,0.79,0.04,0.12,1.62,0.29,0.71,14.25,3.78
438,Tomas Conechny,laliga,0.12,0.00,0.12,0.28,0.28,0.04,1.45,2.05,7.12,2.41,1.09,0.05,0.12,0.10,0.84,0.24,0.97,1.33,0.00,1.09,21.84,3.74
439,Adria Altimira,laliga,0.00,0.00,0.00,0.01,0.01,0.01,1.23,2.67,3.54,0.36,0.14,0.00,0.05,0.04,0.36,0.14,0.07,0.87,0.07,0.14,10.11,0.29
440,Sergi Darder,laliga,0.10,0.21,0.10,0.10,0.10,0.14,1.48,4.84,2.95,1.41,0.45,0.07,0.07,0.18,1.89,0.31,0.45,3.54,0.24,0.45,17.51,1.17
441,Antony,laliga,0.25,0.13,0.25,0.31,0.31,0.24,5.28,3.43,10.42,3.31,1.33,0.08,0.09,0.18,2.61,0.25,0.51,5.97,0.57,1.33,36.99,4.32
442,Abdon Prats,laliga,0.39,0.00,0.26,0.33,0.22,0.04,0.26,1.32,2.89,2.37,1.05,0.11,0.09,0.03,0.66,0.13,0.00,1.18,0.13,1.05,11.45,3.68
443,Walid Cheddira,laliga,0.17,0.09,0.17,0.24,0.24,0.12,1.57,1.49,6.82,2.36,0.79,0.07,0.10,0.04,0.96,0.00,0.00,2.54,0.44,0.79,13.82,5.42
444,Carlos Martin,laliga,0.14,0.14,0.14,0.16,0.16,0.19,0.93,1.36,4.64,1.85,0.86,0.08,0.09,0.10,0.86,0.21,0.29,1.78,0.21,0.86,16.05,2.85
445,Ante Budimir,laliga,0.68,0.11,0.39,0.60,0.38,0.06,0.78,0.78,4.10,2.67,0.86,0.15,0.14,0.04,0.53,0.04,0.00,1.43,0.43,0.86,13.11,5.49
446,Diego Lopez,laliga,0.22,0.16,0.22,0.23,0.23,0.19,2.55,2.90,6.52,1.56,0.51,0.14,0.14,0.13,1.15,0.13,0.19,2.32,0.32,0.51,20.30,3.25
447,Inaki Williams,laliga,0.32,0.22,0.32,0.28,0.28,0.23,3.68,2.61,10.66,2.42,0.81,0.13,0.11,0.17,1.32,0.20,0.61,2.59,0.39,0.81,24.54,4.78
448,Ander Barrenetxea,laliga,0.20,0.20,0.20,0.17,0.17,0.18,3.07,3.22,9.80,1.83,0.64,0.11,0.09,0.20,1.39,0.10,0.20,3.02,0.50,0.64,25.40,4.80
449,Thierno Barry,laliga,0.46,0.14,0.41,0.55,0.51,0.11,1.74,1.01,4.58,3.07,1.01,0.13,0.17,0.06,0.82,0.05,0.05,1.79,0.18,1.01,14.02,5.08
450,Rodrygo,laliga,0.31,0.19,0.31,0.22,0.22,0.16,5.11,4.36,10.99,2.58,1.00,0.12,0.08,0.19,1.97,0.03,0.08,4.50,0.44,1.00,36.11,5.86
451,Jofre,laliga,0.14,0.14,0.14,0.11,0.11,0.09,2.48,2.10,6.10,1.72,0.48,0.08,0.07,0.06,0.91,0.05,0.33,2.29,0.24,0.48,15.73,2.96
452,Darwin Machis,laliga,0.00,0.15,0.00,0.12,0.12,0.07,1.64,2.84,5.67,1.79,0.30,0.00,0.07,0.13,1.19,0.15,0.60,2.24,0.15,0.30,18.36,0.60
453,Ruben Pena,laliga,0.00,0.08,0.00,0.07,0.07,0.12,2.55,3.19,6.77,1.27,0.48,0.00,0.06,0.14,1.83,0.00,0.56,3.27,0.08,0.48,22.30,2.39
454,Miguel,laliga,0.05,0.16,0.00,0.26,0.18,0.08,0.75,0.86,4.73,1.77,0.75,0.00,0.10,0.04,0.38,0.21,0.05,1.50,0.32,0.75,11.44,3.12
455,Jesus Navas,laliga,0.10,0.21,0.10,0.06,0.06,0.16,2.68,4.33,8.25,0.52,0.31,0.20,0.11,0.19,1.75,0.00,1.34,2.78,0.31,0.31,25.46,0.72
456,Cyle Larin,laliga,0.36,0.10,0.30,0.41,0.37,0.07,0.86,0.86,5.03,2.18,0.76,0.14,0.17,0.02,0.36,0.00,0.00,1.12,0.25,0.76,13.15,3.71
457,Sandro Ramirez,laliga,0.34,0.13,0.34,0.20,0.17,0.12,2.35,2.23,5.96,2.18,0.92,0.15,0.08,0.13,1.13,0.04,0.17,2.56,0.25,0.92,19.02,3.32
458,Moi Gomez,laliga,0.00,0.00,0.00,0.05,0.05,0.08,1.42,5.17,2.03,0.71,0.10,0.00,0.08,0.14,1.32,0.00,1.01,2.23,0.00,0.10,15.81,1.01
459,Javi Puado,laliga,0.38,0.11,0.23,0.33,0.22,0.08,2.07,2.03,3.12,1.84,0.49,0.12,0.12,0.05,0.68,0.19,0.11,1.66,0.23,0.49,12.12,3.05
460,Peque,laliga,0.09,0.09,0.09,0.15,0.15,0.11,0.94,2.44,3.10,1.03,0.28,0.09,0.15,0.08,1.03,0.38,0.09,2.63,0.19,0.28,13.90,2.35
461,Anuar,laliga,0.13,0.00,0.13,0.10,0.10,0.03,1.38,1.38,3.41,0.59,0.26,0.22,0.16,0.03,0.39,0.07,0.13,1.38,0.26,0.26,9.89,1.44
462,Isaac Palazon Camacho,laliga,0.14,0.14,0.14,0.19,0.19,0.14,1.40,5.01,4.65,2.62,0.68,0.05,0.07,0.14,1.76,0.50,0.14,4.69,0.23,0.68,24.82,1.76
463,Portu,laliga,0.26,0.26,0.26,0.05,0.05,0.29,2.60,2.21,10.00,0.91,0.26,0.29,0.05,0.25,1.69,0.26,0.39,3.12,0.78,0.26,19.87,3.64
464,Enric Franquesa,laliga,0.15,0.00,0.15,0.04,0.04,0.01,1.61,1.75,4.38,0.44,0.15,0.33,0.10,0.01,0.29,0.00,0.29,0.88,0.00,0.15,9.94,0.88
465,Cucho,laliga,0.26,0.00,0.26,0.33,0.33,0.14,2.19,3.09,4.76,2.96,0.64,0.09,0.11,0.05,1.03,0.13,0.13,3.47,0.26,0.64,16.33,3.73
466,Anastasios Douvikas,laliga,0.50,0.07,0.50,0.50,0.50,0.06,1.07,1.00,5.97,2.20,1.14,0.23,0.23,0.04,0.57,0.07,0.00,1.71,0.14,1.14,14.29,4.41
467,Arda Guler,laliga,0.42,0.21,0.42,0.26,0.26,0.27,2.68,6.27,6.13,3.17,1.06,0.13,0.08,0.32,2.25,0.35,0.28,5.07,0.56,1.06,30.00,3.66
468,Juanmi Latasa,laliga,0.23,0.00,0.23,0.28,0.28,0.08,0.15,0.92,3.62,2.85,0.62,0.08,0.10,0.07,0.92,0.15,0.08,1.85,0.00,0.62,12.77,5.38
469,Sergi Canos,laliga,0.00,0.13,0.00,0.29,0.29,0.09,1.99,3.19,7.84,3.46,1.06,0.00,0.08,0.13,1.33,0.13,0.66,4.39,0.13,1.06,26.45,5.58
470,Lamine Yamal,laliga,0.26,0.41,0.26,0.29,0.29,0.36,5.55,4.85,13.91,3.70,1.20,0.07,0.08,0.31,1.85,0.94,0.41,5.19,0.96,1.20,38.90,6.54
471,Luis Rioja,laliga,0.18,0.07,0.11,0.12,0.06,0.13,2.86,2.76,7.14,1.02,0.35,0.10,0.06,0.15,1.06,0.21,0.71,2.33,0.28,0.35,23.50,2.08
472,Williot Swedberg,laliga,0.26,0.20,0.26,0.31,0.31,0.14,2.15,1.82,7.87,2.02,0.98,0.13,0.15,0.16,0.85,0.13,0.13,2.08,0.39,0.98,19.90,4.68
473,Lucas Ocampos,laliga,0.00,0.23,0.00,0.13,0.13,0.15,3.39,4.68,6.44,1.64,0.59,0.00,0.08,0.14,1.17,0.00,0.35,3.51,0.47,0.59,22.70,2.57
474,Kike,laliga,0.45,0.04,0.38,0.37,0.31,0.06,0.90,1.76,5.10,2.25,0.98,0.17,0.14,0.06,0.68,0.15,0.04,1.58,0.23,0.98,15.50,4.58
475,Takuma Asano,laliga,0.18,0.00,0.18,0.24,0.24,0.05,2.57,1.77,6.82,2.30,0.62,0.08,0.10,0.05,0.44,0.00,0.18,1.77,0.09,0.62,14.97,4.34
476,Robert Lewandowski,laliga,0.99,0.05,0.82,0.86,0.71,0.10,0.99,2.02,5.26,3.36,1.55,0.24,0.21,0.07,0.73,0.14,0.02,1.69,0.16,1.55,15.67,5.75
477,Alvaro Rodriguez,laliga,0.27,0.00,0.27,0.11,0.11,0.03,0.54,1.21,5.66,2.56,1.08,0.11,0.04,0.04,0.40,0.13,0.13,1.21,0.00,1.08,21.29,5.25
478,Jorge de Frutos,laliga,0.18,0.11,0.18,0.19,0.19,0.14,2.83,1.88,7.61,1.88,0.62,0.10,0.10,0.09,1.27,0.11,0.54,2.61,0.29,0.62,20.88,3.55
479,Alex Berenguer,laliga,0.19,0.32,0.19,0.27,0.22,0.21,2.77,2.93,8.40,2.16,0.70,0.09,0.10,0.20,1.91,0.19,0.51,4.01,0.73,0.70,28.67,3.66
480,Giovani Lo Celso,laliga,0.52,0.15,0.37,0.31,0.14,0.33,1.72,9.02,4.25,2.01,0.89,0.19,0.07,0.34,2.91,0.67,0.22,6.19,0.45,0.89,32.21,3.43
481,Mamadou Sylla,laliga,0.32,0.06,0.06,0.33,0.13,0.11,0.96,1.15,2.95,1.09,0.19,0.06,0.12,0.04,0.90,0.00,0.00,1.28,0.32,0.19,9.55,2.31
482,Randy Nteka,laliga,0.24,0.00,0.24,0.26,0.26,0.04,1.03,0.63,3.71,1.66,0.79,0.14,0.16,0.04,0.79,0.08,0.00,1.89,0.00,0.79,15.14,3.87
483,Oliver McBurnie,laliga,0.13,0.38,0.13,0.25,0.25,0.17,0.38,1.59,4.14,1.59,0.51,0.08,0.15,0.06,1.40,0.00,0.06,2.42,0.38,0.51,12.43,4.91
484,Alberto Moleiro,laliga,0.23,0.03,0.23,0.21,0.21,0.12,3.28,4.29,6.56,2.34,0.94,0.10,0.09,0.13,1.27,0.39,0.10,3.61,0.23,0.94,20.56,3.35
485,Alvaro Garcia,laliga,0.11,0.18,0.11,0.28,0.28,0.17,2.52,2.49,8.84,2.42,0.82,0.04,0.12,0.16,1.74,0.07,0.60,3.55,0.21,0.82,22.13,4.37
486,Diego,laliga,0.30,0.00,0.30,0.34,0.34,0.02,0.80,1.29,4.08,2.19,0.80,0.14,0.16,0.02,0.50,0.00,0.10,0.99,0.10,0.80,12.53,3.18
487,Roberto Fernandez,laliga,0.37,0.07,0.37,0.32,0.32,0.05,0.89,0.96,3.84,1.99,0.81,0.19,0.16,0.03,0.44,0.00,0.00,1.70,0.37,0.81,10.11,2.95
488,Carlos Vicente,laliga,0.18,0.15,0.18,0.12,0.12,0.21,3.10,1.98,6.63,1.06,0.52,0.17,0.11,0.20,2.07,0.09,1.00,3.41,0.24,0.52,22.96,2.68
489,Fermin Lopez,laliga,0.43,0.37,0.43,0.43,0.43,0.25,2.55,4.68,7.03,2.87,1.17,0.15,0.15,0.22,1.49,0.27,0.27,3.09,0.43,1.17,26.51,4.52
490,Irvin Cardona,laliga,0.35,0.14,0.35,0.26,0.20,0.11,2.65,2.51,9.29,1.54,0.70,0.23,0.13,0.17,1.33,0.28,0.35,2.51,0.35,0.70,23.18,4.33
491,Ruben Vargas,laliga,0.24,0.08,0.24,0.26,0.26,0.14,3.26,2.62,8.50,2.30,0.56,0.10,0.12,0.17,1.67,0.00,0.48,4.13,0.24,0.56,24.55,3.97
492,Bryan Gil,laliga,0.12,0.12,0.12,0.12,0.12,0.18,4.04,3.96,10.94,1.53,0.66,0.08,0.08,0.18,1.24,0.00,0.41,3.14,0.21,0.66,29.34,4.13
493,Vitor Roque,laliga,0.28,0.00,0.28,0.44,0.44,0.08,1.90,1.26,4.50,3.02,1.33,0.09,0.14,0.05,0.84,0.07,0.21,2.39,0.28,1.33,13.21,4.15
494,Raul,laliga,0.41,0.00,0.41,0.33,0.33,0.06,1.46,1.71,4.47,2.68,1.38,0.15,0.13,0.04,0.32,0.00,0.00,1.95,0.16,1.38,14.30,4.39
495,Stoichkov,laliga,0.00,0.13,0.00,0.14,0.14,0.15,1.16,3.35,5.28,2.32,0.39,0.00,0.06,0.09,0.90,0.77,0.13,3.61,0.26,0.39,17.38,3.61
496,Akor Adams,laliga,0.25,0.06,0.25,0.34,0.34,0.07,0.81,0.81,3.60,2.05,0.87,0.12,0.17,0.02,0.81,0.06,0.00,1.67,0.37,0.87,10.23,3.78
497,Manuel Fuster,laliga,0.25,0.12,0.25,0.07,0.07,0.18,2.09,6.14,7.61,1.60,0.74,0.15,0.05,0.15,2.70,0.37,0.61,5.03,0.61,0.74,27.63,2.33
498,Ferran Torres,laliga,0.81,0.27,0.81,0.61,0.61,0.18,1.83,2.85,8.67,3.59,1.83,0.23,0.17,0.14,1.42,0.14,0.20,2.91,0.47,1.83,23.99,5.69
499,Vedat Muriqi,laliga,0.37,0.08,0.29,0.47,0.38,0.09,0.86,1.39,5.15,2.53,0.82,0.11,0.15,0.07,1.10,0.16,0.00,2.04,0.25,0.82,14.78,5.19
500,Nicolas Pepe,laliga,0.09,0.19,0.09,0.24,0.24,0.24,4.23,3.86,10.82,2.82,1.32,0.03,0.08,0.22,1.50,0.28,0.19,3.48,0.28,1.32,33.01,5.55
501,Coba da Costa,laliga,0.11,0.11,0.11,0.10,0.10,0.07,4.04,1.17,7.45,1.91,0.74,0.06,0.05,0.06,0.74,0.21,0.53,2.77,0.43,0.74,21.49,4.15
502,Alex Sola,laliga,0.00,0.15,0.00,0.08,0.08,0.08,2.03,2.26,5.27,1.36,0.30,0.00,0.06,0.08,0.90,0.00,0.08,2.56,0.23,0.30,19.81,2.94
503,Bryan Zaragoza,laliga,0.06,0.29,0.06,0.13,0.13,0.16,5.07,2.50,7.34,1.92,0.64,0.03,0.07,0.28,1.57,0.17,0.93,3.32,0.47,0.64,21.26,4.14
504,Ezequiel Avila,laliga,0.27,0.00,0.27,0.20,0.20,0.13,1.60,2.39,6.38,2.66,1.33,0.10,0.08,0.13,1.99,0.00,0.80,4.12,0.40,1.33,21.67,4.52
505,Aimar Oroz,laliga,0.17,0.07,0.17,0.14,0.14,0.07,2.10,4.78,4.13,1.49,0.47,0.11,0.10,0.11,1.12,0.27,0.10,2.61,0.20,0.47,17.93,2.44
506,Jonathan Bamba,laliga,0.09,0.09,0.09,0.09,0.09,0.19,3.55,3.46,7.47,1.28,0.64,0.07,0.07,0.16,1.37,0.27,0.55,2.92,0.36,0.64,19.40,2.46
507,Dani Olmo,laliga,0.58,0.19,0.52,0.41,0.37,0.27,2.98,6.35,7.00,3.05,0.97,0.17,0.12,0.28,2.01,0.84,0.06,4.47,0.78,0.97,26.76,5.18
508,Pep Chavarria,laliga,0.00,0.04,0.00,0.05,0.05,0.06,1.93,4.22,5.09,0.40,0.07,0.00,0.13,0.07,0.84,0.00,0.55,2.22,0.07,0.07,18.77,1.13
509,Hugo Duro,laliga,0.39,0.09,0.39,0.36,0.36,0.06,0.73,1.24,3.77,2.01,0.73,0.19,0.18,0.02,0.68,0.00,0.00,1.46,0.17,0.73,11.73,3.98
510,Rafa Mir,laliga,0.00,0.37,0.00,0.44,0.44,0.13,0.74,1.29,2.21,3.32,0.55,0.00,0.13,0.07,0.37,0.00,0.18,0.92,0.55,0.55,12.36,2.77
511,Arnaut Danjuma,laliga,0.24,0.10,0.24,0.27,0.27,0.12,6.10,2.52,11.14,2.33,0.95,0.10,0.11,0.16,1.33,0.14,0.52,2.86,0.14,0.95,25.24,5.00
512,Yaser Asprilla,laliga,0.20,0.00,0.20,0.11,0.11,0.14,3.88,5.46,8.42,2.43,0.66,0.08,0.05,0.19,1.58,0.46,0.46,4.14,0.39,0.66,28.42,2.63
513,Viktor Tsyhankov,laliga,0.17,0.30,0.17,0.19,0.19,0.17,2.67,3.71,10.04,1.85,0.47,0.09,0.10,0.25,1.68,0.17,0.39,3.41,0.52,0.47,27.59,4.01
514,Julian Alvarez,laliga,0.70,0.09,0.56,0.47,0.35,0.14,2.79,2.93,6.07,2.67,1.26,0.21,0.13,0.13,1.29,0.26,0.18,3.20,0.53,1.26,22.99,4.05
515,Alexander Sorloth,laliga,0.91,0.14,0.86,0.67,0.64,0.12,1.76,1.95,5.43,3.80,1.67,0.23,0.17,0.07,0.91,0.09,0.09,1.99,0.32,1.67,16.33,6.15
516,Aitor Ruibal,laliga,0.09,0.18,0.09,0.06,0.06,0.13,1.53,3.42,4.32,1.08,0.27,0.08,0.05,0.09,1.44,0.00,0.45,2.79,0.27,0.27,16.63,2.25
517,Fabio Silva,laliga,0.48,0.14,0.39,0.42,0.31,0.10,1.45,1.25,5.74,2.22,0.96,0.17,0.14,0.09,0.77,0.14,0.14,2.07,0.24,0.96,16.16,4.87
518,Juanmi,laliga,0.00,0.08,0.00,0.25,0.25,0.10,0.90,1.15,4.01,1.47,0.49,0.00,0.16,0.02,0.82,0.00,0.00,1.47,0.16,0.49,12.44,2.86
519,Cedric Bakambu,laliga,0.27,0.27,0.27,0.44,0.44,0.08,1.09,1.64,5.06,3.15,1.37,0.09,0.14,0.11,1.09,0.14,0.00,1.50,0.41,1.37,13.81,4.24
520,Bertug Yildirim,laliga,0.09,0.09,0.09,0.28,0.28,0.11,0.86,1.03,4.13,1.89,0.86,0.05,0.15,0.04,0.69,0.00,0.26,1.81,0.26,0.86,12.29,4.13
521,Dani Gomez,laliga,0.34,0.00,0.34,0.46,0.46,0.00,0.51,1.02,4.06,2.37,1.02,0.14,0.19,0.02,0.17,0.00,0.00,1.02,0.00,1.02,13.20,3.72
522,Kylian Mbappe,laliga,0.72,0.11,0.59,0.71,0.56,0.20,4.44,3.92,11.14,4.29,2.19,0.14,0.13,0.19,1.49,0.20,0.09,3.92,0.47,2.19,30.95,8.37
523,Asier Villalibre,laliga,0.38,0.19,0.19,0.44,0.30,0.19,0.76,1.52,4.18,2.28,0.95,0.08,0.13,0.08,0.57,0.19,0.00,1.71,0.19,0.95,14.24,5.51
524,Dani Rodriguez,laliga,0.15,0.27,0.15,0.11,0.11,0.12,1.64,3.82,4.62,1.14,0.38,0.13,0.09,0.16,1.26,0.42,0.31,2.82,0.50,0.38,17.24,2.10
525,Angel Correa,laliga,0.46,0.13,0.46,0.45,0.45,0.20,2.86,2.60,6.89,3.25,1.24,0.14,0.14,0.17,1.17,0.20,0.07,3.38,0.52,1.24,23.35,7.93
526,Carles Perez,laliga,0.18,0.00,0.18,0.15,0.15,0.09,2.11,1.41,4.92,2.17,0.64,0.08,0.07,0.08,1.00,0.12,0.47,2.34,0.06,0.64,18.63,2.87
527,Alfon,laliga,0.34,0.17,0.34,0.32,0.32,0.20,6.30,1.62,11.49,3.49,1.28,0.10,0.09,0.16,1.70,0.00,0.09,4.34,0.43,1.28,25.80,8.00
528,Abde Ezzalzouli,laliga,0.05,0.10,0.05,0.46,0.38,0.09,5.37,3.02,9.54,3.12,1.20,0.02,0.12,0.09,1.25,0.10,0.10,3.07,0.34,1.20,27.14,7.14
529,Roberto Navarro,laliga,0.05,0.00,0.05,0.13,0.13,0.16,3.14,3.55,6.17,1.44,0.46,0.04,0.09,0.11,1.34,0.26,0.26,3.50,0.10,0.46,20.56,2.98
530,Juan Cruz,laliga,0.19,0.14,0.19,0.08,0.08,0.15,2.55,2.74,5.61,1.39,0.56,0.13,0.06,0.15,0.97,0.32,0.60,2.23,0.23,0.56,17.30,1.76
531,Takefusa Kubo,laliga,0.22,0.09,0.22,0.13,0.13,0.23,5.65,4.41,9.03,1.92,0.71,0.11,0.07,0.19,2.11,0.28,0.28,4.47,0.34,0.71,29.02,4.81
532,Alejo Veliz,laliga,0.09,0.00,0.09,0.18,0.18,0.05,0.09,0.63,2.34,1.44,0.54,0.06,0.13,0.01,0.18,0.00,0.00,0.90,0.18,0.54,6.83,2.16
533,Raul Moro,laliga,0.19,0.10,0.19,0.16,0.16,0.20,4.28,3.31,7.64,1.80,0.63,0.11,0.09,0.22,1.80,0.19,0.92,3.85,0.24,0.63,21.66,4.33
534,Juan Bernat,laliga,0.00,0.26,0.00,0.05,0.05,0.13,0.78,2.33,6.22,0.65,0.13,0.00,0.08,0.10,1.17,0.00,0.39,1.82,0.26,0.13,17.12,2.85
535,Mikel Oyarzabal,laliga,0.40,0.12,0.21,0.44,0.27,0.11,1.55,1.31,5.84,1.70,0.64,0.13,0.16,0.09,0.73,0.09,0.12,2.04,0.40,0.64,13.51,4.54
536,Marvin,laliga,0.00,0.00,0.00,0.04,0.04,0.09,2.97,2.19,5.94,0.39,0.08,0.00,0.09,0.09,0.47,0.00,0.78,1.09,0.23,0.08,17.58,1.88
537,Abel Ruiz,laliga,0.26,0.00,0.20,0.30,0.20,0.07,1.44,1.51,5.05,1.38,0.46,0.14,0.14,0.07,0.59,0.07,0.07,0.98,0.07,0.46,11.82,3.94
538,Peter Gonzalez,laliga,0.00,0.00,0.00,0.12,0.12,0.13,2.33,1.71,7.35,2.20,0.49,0.00,0.06,0.07,1.35,0.00,0.73,2.69,0.24,0.49,21.43,3.92
539,Iago Aspas,laliga,0.44,0.22,0.18,0.44,0.20,0.18,2.79,6.77,7.08,2.08,0.75,0.09,0.10,0.20,1.82,0.89,0.22,3.90,0.71,0.75,23.77,3.85
540,Antoniu,laliga,0.00,0.12,0.00,0.10,0.10,0.14,3.37,2.62,5.37,1.12,0.50,0.00,0.09,0.12,0.87,0.25,0.37,2.50,0.12,0.50,14.48,2.00
541,Dodi Lukebakio,laliga,0.36,0.06,0.33,0.32,0.29,0.12,3.96,2.44,6.88,2.74,1.22,0.12,0.11,0.12,1.49,0.18,0.21,3.40,0.27,1.22,23.21,4.17
542,Nico Williams,laliga,0.34,0.28,0.34,0.24,0.24,0.18,5.82,3.15,11.70,2.58,0.99,0.13,0.09,0.19,2.07,0.11,0.40,5.05,0.68,0.99,31.60,5.20
543,John Joe,laliga,0.00,0.00,0.00,0.03,0.03,0.00,1.19,2.03,2.20,0.85,0.17,0.00,0.04,0.03,0.17,0.00,0.00,1.19,0.00,0.17,12.54,0.85
544,Dani Raba,laliga,0.43,0.25,0.19,0.42,0.18,0.22,2.10,3.28,4.70,1.55,0.49,0.12,0.12,0.20,2.16,0.74,0.12,4.76,0.62,0.49,18.25,1.79
545,Oscar Rodriguez Arnaiz,laliga,0.06,0.30,0.06,0.13,0.13,0.17,1.80,4.49,4.37,2.33,0.48,0.03,0.06,0.12,1.50,0.18,0.42,3.89,0.60,0.48,17.95,1.62
546,Gavi,laliga,0.09,0.09,0.09,0.08,0.08,0.13,0.90,4.84,4.12,0.72,0.18,0.13,0.11,0.10,1.26,0.18,0.09,2.78,0.18,0.18,17.66,2.42
547,Adri Embarba,laliga,0.05,0.15,0.05,0.12,0.12,0.18,2.85,2.66,6.14,2.42,0.77,0.02,0.05,0.15,1.55,0.10,0.53,3.14,0.29,0.77,23.78,2.66
548,Sergio Camello,laliga,0.19,0.13,0.19,0.28,0.28,0.16,1.51,2.08,4.85,2.46,0.69,0.08,0.11,0.08,1.51,0.50,0.00,3.15,0.31,0.69,15.24,3.65
549,Brahim Diaz,laliga,0.41,0.27,0.41,0.31,0.31,0.19,3.24,4.59,6.89,1.85,0.99,0.22,0.17,0.14,1.35,0.36,0.05,3.47,0.95,0.99,24.64,4.37
550,Cristhian Stuani,laliga,0.73,0.27,0.45,0.82,0.54,0.09,0.09,0.63,2.99,2.81,1.36,0.16,0.19,0.08,0.63,0.09,0.00,1.45,0.45,1.36,10.15,4.98
551,Vinicius Junior,laliga,0.61,0.18,0.51,0.51,0.40,0.28,7.18,2.98,10.89,3.34,1.24,0.15,0.12,0.27,2.02,0.43,0.30,4.90,0.61,1.24,32.63,8.37
552,Orri Steinn Oskarsson,laliga,0.48,0.00,0.48,0.57,0.57,0.05,0.48,0.82,4.97,2.18,0.89,0.22,0.26,0.04,0.55,0.00,0.07,1.09,0.00,0.89,14.65,4.29
553,Maroan Sannadi,laliga,0.13,0.13,0.13,0.51,0.51,0.17,2.42,2.15,9.27,3.49,0.81,0.04,0.15,0.13,1.75,0.13,0.00,3.36,0.40,0.81,21.63,7.52
554,Raphinha,laliga,0.68,0.42,0.61,0.56,0.50,0.46,3.13,4.45,10.41,3.59,1.34,0.17,0.14,0.33,2.98,0.32,0.56,5.38,0.83,1.34,33.37,5.55
555,Borja Iglesias,laliga,0.43,0.11,0.43,0.38,0.38,0.10,0.80,1.39,5.08,2.03,1.23,0.21,0.19,0.07,0.80,0.43,0.00,1.71,0.32,1.23,13.59,3.69
556,Jesus Rodriguez,laliga,0.11,0.00,0.11,0.20,0.20,0.01,4.52,2.63,8.62,2.21,0.74,0.05,0.09,0.04,0.63,0.00,0.21,3.15,0.53,0.74,24.08,5.36
557,Gerard Moreno,laliga,0.38,0.38,0.00,0.53,0.23,0.43,2.13,7.50,8.25,2.88,1.13,0.00,0.08,0.25,2.50,0.13,0.38,5.38,0.75,1.13,25.38,5.63
558,Ayoze Perez,laliga,0.73,0.09,0.73,0.50,0.50,0.14,3.45,3.67,6.21,3.45,1.38,0.21,0.14,0.10,1.42,0.30,0.22,3.45,0.22,1.38,18.55,6.90
559,Jon Guridi,laliga,0.25,0.04,0.21,0.20,0.17,0.06,1.22,3.75,3.67,1.14,0.59,0.19,0.15,0.05,0.89,0.04,0.13,2.02,0.34,0.59,14.25,2.66
560,Pablo Fornals,laliga,0.15,0.00,0.15,0.12,0.12,0.16,1.57,6.95,4.26,1.27,0.29,0.12,0.10,0.14,1.86,0.34,0.39,4.16,0.49,0.29,20.31,2.15
561,Sheraldo Becker,laliga,0.19,0.15,0.19,0.17,0.17,0.19,4.18,1.80,9.43,2.24,1.21,0.09,0.07,0.18,0.92,0.05,0.68,2.19,0.19,1.21,22.01,3.45
562,Suso,laliga,0.00,0.19,0.00,0.10,0.10,0.17,1.93,5.79,7.15,1.74,0.39,0.00,0.06,0.15,2.51,0.58,0.58,5.79,0.58,0.39,26.65,1.74
563,Toni Martinez,laliga,0.40,0.00,0.40,0.30,0.30,0.06,1.30,1.10,5.01,4.40,1.50,0.09,0.07,0.09,1.10,0.20,0.10,2.60,0.10,1.50,18.12,6.91
564,Ivan Sanchez,laliga,0.08,0.08,0.08,0.05,0.05,0.15,3.78,4.86,5.63,0.93,0.31,0.08,0.05,0.16,1.39,0.15,0.77,3.78,0.31,0.31,19.67,1.54
565,Bojan Miovski,laliga,0.16,0.08,0.16,0.35,0.28,0.02,0.32,0.40,3.62,1.61,0.56,0.10,0.18,0.02,0.24,0.00,0.08,0.88,0.40,0.56,9.48,3.21
566,Umar Sadiq,laliga,0.44,0.09,0.44,0.34,0.34,0.10,1.24,1.32,5.56,2.38,0.79,0.19,0.16,0.08,0.62,0.00,0.09,1.77,0.44,0.79,17.75,5.30
567,Pablo Duran,laliga,0.31,0.31,0.31,0.23,0.23,0.21,1.48,2.11,8.42,1.48,0.55,0.21,0.16,0.07,1.09,0.08,0.23,1.87,0.23,0.55,17.70,4.06
568,Domingos Andre Ribeiro Almeida,laliga,0.00,0.14,0.00,0.05,0.05,0.13,1.95,6.31,3.31,0.82,0.18,0.00,0.06,0.19,1.77,0.18,0.23,3.58,0.18,0.18,19.23,1.81
569,Borja Mayoral,laliga,0.54,0.13,0.40,0.39,0.28,0.05,0.27,1.48,3.63,1.75,0.81,0.23,0.16,0.03,0.40,0.00,0.00,1.48,0.27,0.81,15.20,3.09
570,Ramon Terrats,laliga,0.34,0.09,0.34,0.15,0.15,0.22,1.03,3.77,3.09,1.20,0.60,0.29,0.12,0.12,1.20,0.26,0.17,2.83,0.17,0.60,16.97,1.71
571,Chrisantus Uche,laliga,0.12,0.20,0.12,0.14,0.14,0.08,1.53,1.74,5.45,1.86,0.52,0.07,0.07,0.10,1.01,0.04,0.12,2.95,0.36,0.52,18.28,3.63
572,Munir El Haddadi,laliga,0.23,0.00,0.23,0.13,0.13,0.08,1.03,2.16,4.22,1.59,0.80,0.14,0.08,0.05,0.68,0.11,0.11,1.59,0.11,0.80,14.70,1.94
573,Carles Alena,laliga,0.00,0.14,0.00,0.10,0.10,0.06,1.37,4.39,3.31,1.08,0.22,0.00,0.10,0.07,1.15,0.14,0.22,2.88,0.22,0.22,17.21,2.02
574,Jaime Mata,laliga,0.10,0.00,0.10,0.36,0.36,0.02,0.71,0.92,5.40,1.83,0.61,0.06,0.19,0.04,0.51,0.00,0.20,1.73,0.10,0.61,14.88,4.08
575,Karim Adeyemi,bundesliga,0.36,0.24,0.36,0.29,0.29,0.31,4.40,1.86,8.73,2.94,1.15,0.12,0.10,0.17,1.47,0.16,0.24,3.45,0.60,1.15,22.65,5.51
576,Adam Hlozek,bundesliga,0.36,0.20,0.36,0.32,0.32,0.16,2.36,3.16,4.64,3.24,1.00,0.11,0.10,0.16,0.96,0.04,0.08,2.60,0.36,1.00,17.67,5.16
577,Igor Matanovic,bundesliga,0.15,0.15,0.15,0.28,0.28,0.06,0.30,1.64,4.78,3.28,1.34,0.05,0.09,0.04,0.75,0.30,0.00,2.09,0.30,1.34,13.73,4.48
578,Chris Fuhrich,bundesliga,0.14,0.07,0.14,0.12,0.12,0.15,5.01,4.90,9.58,1.55,0.65,0.09,0.08,0.30,1.37,0.32,0.54,3.64,0.25,0.65,30.62,4.97
579,Michael Gregoritsch,bundesliga,0.21,0.11,0.21,0.31,0.31,0.06,0.75,3.52,5.23,2.56,0.96,0.08,0.12,0.11,0.75,0.00,0.00,2.67,0.53,0.96,15.16,5.02
580,Andre Silva,bundesliga,0.36,0.24,0.12,0.61,0.32,0.12,1.68,1.93,6.50,2.77,0.96,0.04,0.12,0.10,1.08,0.36,0.12,2.89,0.36,0.96,18.41,5.53
581,Lucas Holer,bundesliga,0.24,0.20,0.24,0.36,0.32,0.12,0.83,2.25,5.72,1.61,0.78,0.15,0.21,0.08,0.93,0.05,0.05,2.44,0.29,0.78,16.32,3.91
582,Donyell Malen,bundesliga,0.71,0.07,0.71,0.59,0.59,0.09,3.13,2.13,10.09,3.48,1.63,0.20,0.18,0.10,0.57,0.07,0.14,2.20,0.64,1.63,25.43,6.39
583,Mathias Honsak,bundesliga,0.30,0.08,0.30,0.27,0.27,0.11,2.59,1.98,4.34,2.21,0.68,0.14,0.12,0.14,1.07,0.00,0.61,2.89,0.38,0.68,15.06,2.43
584,Fares Chaibi,bundesliga,0.06,0.11,0.06,0.19,0.19,0.24,1.65,4.73,6.44,2.17,0.68,0.03,0.09,0.26,2.34,0.29,0.63,4.22,0.34,0.68,24.28,2.68
585,Alassane Plea,bundesliga,0.46,0.18,0.41,0.34,0.31,0.15,2.43,5.23,6.70,1.97,0.64,0.21,0.16,0.15,1.19,0.73,0.37,3.17,0.55,0.64,19.93,3.49
586,Yorbe Vertessen,bundesliga,0.21,0.00,0.21,0.16,0.16,0.18,2.17,2.07,5.48,3.31,0.83,0.06,0.05,0.20,1.66,0.10,0.21,3.72,0.00,0.83,21.52,3.62
587,Jann Fiete Arp,bundesliga,0.26,0.00,0.13,0.49,0.28,0.13,1.68,2.72,8.28,2.59,1.16,0.05,0.11,0.22,1.42,0.13,0.39,4.27,0.39,1.16,18.88,3.62
588,Alexis Claude Maurice,bundesliga,0.43,0.10,0.43,0.19,0.19,0.05,2.54,2.35,4.40,2.30,0.91,0.19,0.08,0.08,0.77,0.14,0.19,2.78,0.29,0.91,17.81,2.78
589,Tim Kleindienst,bundesliga,0.53,0.16,0.49,0.45,0.40,0.18,1.42,2.18,4.88,2.54,1.22,0.19,0.16,0.12,0.96,0.23,0.03,2.34,0.46,1.22,14.14,4.71
590,Julien Duranville,bundesliga,0.00,0.00,0.00,0.05,0.05,0.11,4.80,2.56,9.91,1.28,0.48,0.00,0.04,0.22,0.80,0.32,0.32,3.20,0.80,0.48,25.26,5.12
591,Enzo Millot,bundesliga,0.24,0.31,0.24,0.34,0.28,0.22,1.93,5.70,6.35,2.04,0.75,0.12,0.14,0.24,1.43,0.44,0.20,3.73,0.58,0.75,23.69,3.70
592,Lukas Daschner,bundesliga,0.20,0.20,0.20,0.53,0.38,0.16,1.78,2.17,4.14,1.58,0.79,0.13,0.24,0.12,1.38,0.59,0.00,2.17,0.20,0.79,19.74,3.16
593,Shuto Machino,bundesliga,0.43,0.05,0.38,0.26,0.22,0.10,1.24,2.70,4.86,2.21,0.86,0.17,0.10,0.11,1.13,0.05,0.27,3.13,0.32,0.86,16.84,2.86
594,Michy Batshuayi,bundesliga,0.36,0.00,0.36,0.29,0.29,0.02,1.45,2.00,5.27,1.45,0.73,0.25,0.20,0.09,0.36,0.00,0.00,1.64,0.00,0.73,12.73,3.45
595,Daniel Svensson,bundesliga,0.12,0.00,0.12,0.07,0.07,0.07,1.40,4.43,3.85,0.70,0.47,0.17,0.10,0.08,1.17,0.00,0.47,2.45,0.23,0.47,18.30,2.45
596,Tom Bischof,bundesliga,0.18,0.12,0.18,0.08,0.08,0.15,1.85,5.01,3.71,1.88,0.61,0.10,0.04,0.20,2.04,0.15,0.33,4.59,0.27,0.61,22.67,1.82
597,Andreas Skov Olsen,bundesliga,0.12,0.12,0.12,0.21,0.21,0.23,4.39,3.90,7.68,1.95,0.61,0.06,0.11,0.21,2.32,0.12,0.37,5.00,0.12,0.61,22.80,3.05
598,Vincenzo Grifo,bundesliga,0.29,0.40,0.29,0.30,0.21,0.25,2.46,5.11,5.88,2.43,0.92,0.12,0.09,0.28,2.39,0.37,0.40,4.56,0.51,0.92,23.01,2.87
599,Phillip Tietz,bundesliga,0.30,0.10,0.25,0.29,0.25,0.07,0.40,1.89,5.38,2.29,0.70,0.11,0.11,0.07,1.05,0.05,0.05,2.29,0.25,0.70,15.05,3.84
600,Victor Boniface,bundesliga,0.73,0.06,0.61,0.75,0.61,0.07,2.63,1.96,6.31,4.29,1.35,0.14,0.14,0.11,0.67,0.37,0.12,2.39,0.37,1.35,18.86,6.67
601,Budu Zivzivadze,bundesliga,0.20,0.30,0.20,0.13,0.13,0.14,0.91,1.71,3.93,1.81,0.70,0.11,0.07,0.14,1.11,0.10,0.20,2.42,0.40,0.70,13.69,3.52
602,Benedict Hollerbach,bundesliga,0.38,0.04,0.38,0.27,0.27,0.06,3.54,2.36,7.51,2.71,0.84,0.14,0.10,0.10,0.91,0.11,0.15,2.67,0.23,0.84,20.39,5.30
603,Nick Woltemade,bundesliga,0.61,0.11,0.50,0.47,0.39,0.22,1.55,3.38,7.32,2.28,1.17,0.22,0.17,0.18,2.00,0.28,0.00,4.05,0.50,1.17,21.70,7.93
604,Alexander Bernhardsson,bundesliga,0.38,0.09,0.38,0.16,0.16,0.07,1.42,2.46,5.86,1.70,0.66,0.22,0.10,0.09,1.23,0.09,0.28,2.17,0.19,0.66,14.94,2.84
605,Fabian Rieder,bundesliga,0.25,0.49,0.25,0.19,0.19,0.26,2.23,4.37,5.85,2.39,0.74,0.10,0.08,0.26,1.90,0.25,0.33,4.45,0.82,0.74,26.62,2.31
606,Andrej Ilic,bundesliga,0.64,0.00,0.51,0.44,0.33,0.04,0.38,1.15,5.38,2.56,1.02,0.20,0.13,0.01,0.64,0.13,0.00,1.41,0.26,1.02,12.16,4.61
607,Sirlord Conteh,bundesliga,0.11,0.11,0.11,0.23,0.23,0.26,2.97,2.09,7.58,1.43,0.55,0.08,0.16,0.14,1.43,0.00,0.22,2.97,0.44,0.55,15.71,3.41
608,Patrik Schick,bundesliga,0.91,0.00,0.91,0.64,0.64,0.03,0.52,1.17,5.64,3.86,1.56,0.24,0.17,0.05,0.69,0.00,0.00,1.95,0.09,1.56,16.02,5.95
609,Patrick Wimmer,bundesliga,0.21,0.21,0.21,0.23,0.23,0.14,1.98,4.13,4.61,2.09,0.54,0.10,0.11,0.17,1.07,0.32,0.21,3.43,0.70,0.54,19.14,3.65
610,Tomas Cvancara,bundesliga,0.11,0.00,0.11,0.38,0.38,0.04,1.59,2.12,5.50,3.07,0.95,0.03,0.13,0.03,0.42,0.00,0.21,1.69,0.21,0.95,15.33,3.91
611,Dani de Wit,bundesliga,0.17,0.00,0.17,0.15,0.15,0.03,0.34,2.20,2.88,1.52,0.42,0.11,0.10,0.04,0.68,0.08,0.17,1.52,0.17,0.42,11.01,2.79
612,Yussuf Poulsen,bundesliga,0.34,0.00,0.34,0.66,0.66,0.14,0.51,2.73,5.28,3.24,1.36,0.11,0.22,0.15,1.36,0.00,0.00,2.90,0.34,1.36,19.26,7.33
613,Michael Olise,bundesliga,0.43,0.40,0.40,0.42,0.40,0.39,4.67,7.72,13.65,3.53,1.36,0.11,0.11,0.46,2.80,0.96,0.48,6.06,0.80,1.36,48.10,5.98
614,Christoph Baumgartner,bundesliga,0.22,0.04,0.22,0.30,0.30,0.07,1.86,2.56,5.16,2.21,0.95,0.10,0.14,0.08,0.95,0.52,0.04,2.17,0.26,0.95,16.38,3.42
615,Franck Honorat,bundesliga,0.14,0.34,0.14,0.24,0.24,0.32,3.55,2.80,7.09,1.64,0.34,0.08,0.14,0.29,2.80,0.00,0.89,4.70,0.41,0.34,22.91,3.41
616,Marvin Pieringer,bundesliga,0.30,0.09,0.17,0.37,0.27,0.16,0.78,2.50,4.74,2.37,0.73,0.07,0.11,0.08,1.29,0.17,0.04,2.89,0.26,0.73,13.96,4.05
617,Junior Dina Ebimbe,bundesliga,0.39,0.13,0.39,0.33,0.33,0.13,2.18,1.54,10.53,2.95,0.51,0.13,0.11,0.13,0.64,0.00,0.00,2.18,0.39,0.51,20.93,5.65
618,Thomas Muller,bundesliga,0.21,0.36,0.21,0.32,0.32,0.26,2.07,4.18,10.64,2.32,0.88,0.09,0.14,0.39,2.43,0.41,0.78,4.65,0.83,0.88,31.21,7.80
619,Phil Harres,bundesliga,0.50,0.06,0.50,0.31,0.31,0.08,0.63,0.88,4.08,2.20,1.00,0.23,0.14,0.07,0.57,0.00,0.13,1.26,0.31,1.00,9.55,3.45
620,Arthur,bundesliga,0.00,0.33,0.00,0.01,0.01,0.09,1.99,2.87,8.62,0.22,0.00,0.00,0.05,0.14,0.88,0.00,0.66,1.55,0.33,0.00,24.21,2.10
621,Eren Dinkci,bundesliga,0.12,0.24,0.12,0.13,0.13,0.15,2.62,2.80,5.54,1.37,0.48,0.09,0.10,0.09,1.61,0.06,0.30,3.45,0.54,0.48,17.04,2.98
622,Moritz Broschinski,bundesliga,0.06,0.29,0.06,0.28,0.28,0.12,2.30,1.18,8.73,2.54,0.77,0.02,0.11,0.10,0.83,0.00,0.29,2.54,0.41,0.77,19.11,4.60
623,Junior Adamu,bundesliga,0.14,0.07,0.14,0.34,0.34,0.11,0.50,0.72,5.04,2.09,0.79,0.07,0.16,0.13,1.01,0.07,0.00,1.87,0.22,0.79,13.60,4.53
624,Derrick Kohn,bundesliga,0.14,0.14,0.14,0.05,0.05,0.11,2.35,2.49,8.23,0.90,0.28,0.15,0.06,0.14,1.11,0.07,0.42,2.49,0.21,0.28,21.79,2.01
625,Andrej Kramaric,bundesliga,0.47,0.28,0.39,0.42,0.35,0.19,2.68,4.86,6.94,2.35,0.99,0.16,0.15,0.21,1.82,0.19,0.53,3.87,0.53,0.99,23.13,4.42
626,Harry Kane,bundesliga,0.96,0.27,0.57,0.83,0.53,0.18,1.09,3.21,5.01,3.92,1.73,0.14,0.14,0.18,1.50,0.57,0.07,3.23,0.59,1.73,18.60,6.09
627,Armindo Sieb,bundesliga,0.24,0.24,0.24,0.33,0.33,0.13,3.21,2.14,7.60,3.32,0.83,0.07,0.10,0.07,0.95,0.12,0.24,2.02,0.47,0.83,18.40,5.34
628,Serge Gnabry,bundesliga,0.33,0.33,0.33,0.47,0.43,0.35,3.40,3.79,12.14,3.18,1.26,0.10,0.14,0.37,1.59,0.44,0.16,4.17,0.82,1.26,32.07,7.25
629,Ermedin Demirovic,bundesliga,0.51,0.00,0.51,0.56,0.49,0.08,1.20,1.49,5.64,3.16,1.09,0.16,0.16,0.07,0.91,0.11,0.00,2.29,0.22,1.09,15.13,5.93
630,Maximilian Beier,bundesliga,0.43,0.18,0.43,0.37,0.37,0.14,1.30,1.69,6.55,2.23,0.83,0.19,0.17,0.13,1.15,0.07,0.22,2.81,0.29,0.83,17.24,4.53
631,El Bilal Toure,bundesliga,0.50,0.12,0.50,0.33,0.33,0.22,2.48,1.49,7.31,2.85,0.87,0.17,0.12,0.15,1.61,0.12,0.00,2.85,0.50,0.87,23.93,5.21
632,Elias Saad,bundesliga,0.31,0.21,0.31,0.29,0.29,0.08,2.79,2.69,7.54,2.69,0.83,0.12,0.11,0.11,1.34,0.21,0.31,3.51,0.41,0.83,22.11,4.34
633,Omar Traore,bundesliga,0.00,0.07,0.00,0.01,0.01,0.06,3.66,4.08,3.91,0.46,0.11,0.00,0.03,0.11,0.75,0.00,0.50,1.88,0.14,0.11,15.70,0.75
634,Haris Tabakovic,bundesliga,0.20,0.10,0.20,0.31,0.31,0.13,0.30,0.70,4.69,2.90,0.90,0.07,0.11,0.10,1.00,0.00,0.10,1.70,0.20,0.90,14.58,5.09
635,Philipp Hofmann,bundesliga,0.14,0.11,0.14,0.25,0.25,0.13,0.39,2.21,4.46,2.43,0.86,0.06,0.10,0.10,1.07,0.11,0.00,2.46,0.11,0.86,12.63,4.28
636,Merlin Rohl,bundesliga,0.00,0.10,0.00,0.08,0.08,0.16,1.83,2.12,5.59,1.16,0.29,0.00,0.06,0.11,0.87,0.00,0.29,2.41,0.29,0.29,15.22,2.51
637,Mario Gotze,bundesliga,0.18,0.11,0.18,0.15,0.15,0.14,1.44,4.95,5.06,0.48,0.30,0.38,0.30,0.11,1.77,0.18,0.11,3.51,0.30,0.30,20.74,2.14
638,Jan Niklas Beste,bundesliga,0.14,0.42,0.14,0.17,0.17,0.17,3.06,1.94,8.06,1.94,0.97,0.07,0.08,0.18,1.53,0.00,0.42,3.89,0.83,0.97,26.25,3.47
639,Marcel Sabitzer,bundesliga,0.00,0.00,0.00,0.12,0.12,0.07,1.04,4.91,3.51,1.34,0.47,0.00,0.09,0.08,0.74,0.13,0.17,2.14,0.20,0.47,15.08,2.01
640,Koji Miyoshi,bundesliga,0.20,0.00,0.20,0.22,0.22,0.16,2.20,2.80,4.60,2.40,1.00,0.08,0.09,0.12,1.00,0.80,0.00,1.80,0.00,1.00,16.80,4.20
641,Nathan NGoumou,bundesliga,0.19,0.10,0.19,0.22,0.22,0.14,3.36,1.82,9.12,2.69,1.25,0.07,0.08,0.15,0.77,0.10,0.29,2.40,0.48,1.25,20.53,6.33
642,Mathys Tel,bundesliga,0.22,0.15,0.15,0.31,0.25,0.16,2.33,2.33,8.88,3.13,1.09,0.05,0.08,0.14,0.95,0.00,0.44,1.89,0.22,1.09,24.66,4.37
643,Jacob Bruun Larsen,bundesliga,0.28,0.14,0.28,0.25,0.25,0.17,3.44,3.10,8.39,2.27,0.83,0.12,0.11,0.18,1.93,0.28,0.48,3.58,0.28,0.83,25.46,5.64
644,Yan Couto,bundesliga,0.00,0.00,0.00,0.03,0.03,0.07,4.37,5.78,8.11,0.56,0.14,0.00,0.05,0.23,0.92,0.21,0.99,2.40,0.42,0.14,23.35,1.97
645,Ruben Vargas,bundesliga,0.24,0.08,0.24,0.26,0.26,0.14,3.26,2.62,8.50,2.30,0.56,0.10,0.12,0.17,1.67,0.00,0.48,4.13,0.24,0.56,24.55,3.97
646,Jamie Leweling,bundesliga,0.17,0.13,0.17,0.14,0.14,0.19,3.57,3.15,9.42,2.36,1.14,0.07,0.06,0.16,1.18,0.08,0.46,2.86,0.50,1.14,25.86,4.33
647,Giorgos Masouras,bundesliga,0.20,0.10,0.20,0.36,0.36,0.09,2.02,1.52,6.27,2.53,1.31,0.08,0.15,0.09,0.81,0.00,0.30,2.43,0.30,1.31,17.90,4.55
648,Laszlo Benes,bundesliga,0.18,0.18,0.18,0.14,0.14,0.18,0.90,4.85,5.39,2.69,1.08,0.07,0.05,0.25,3.41,0.18,1.08,5.39,0.18,1.08,25.87,1.80
649,Jonas Wind,bundesliga,0.38,0.13,0.34,0.25,0.18,0.19,0.85,4.49,4.23,1.88,0.51,0.18,0.09,0.21,1.58,0.26,0.00,2.90,0.26,0.51,14.35,3.76
650,Justin Njinmah,bundesliga,0.31,0.21,0.31,0.31,0.31,0.16,3.03,2.20,9.94,2.83,0.73,0.11,0.11,0.15,1.15,0.10,0.31,3.66,0.42,0.73,20.09,5.55
651,Ritsu Doan,bundesliga,0.34,0.22,0.34,0.22,0.22,0.12,2.03,3.63,5.79,2.03,0.72,0.17,0.12,0.17,0.91,0.38,0.41,3.25,0.47,0.72,20.15,3.47
652,Robin Hack,bundesliga,0.25,0.21,0.25,0.22,0.22,0.14,2.32,3.91,5.64,2.32,1.01,0.11,0.10,0.14,1.22,0.55,0.42,2.69,0.38,1.01,17.60,3.41
653,Marco Grull,bundesliga,0.50,0.08,0.50,0.33,0.33,0.13,1.67,2.67,7.02,2.09,0.84,0.24,0.16,0.12,0.75,0.17,0.25,2.92,0.25,0.84,18.97,4.35
654,Leo Scienza,bundesliga,0.25,0.17,0.25,0.16,0.16,0.27,5.17,2.33,6.58,2.83,1.17,0.09,0.06,0.31,2.42,0.08,0.58,6.00,0.42,1.17,21.83,3.42
655,Myron Boadu,bundesliga,0.89,0.13,0.77,0.71,0.61,0.08,0.77,1.28,5.49,2.55,1.15,0.30,0.24,0.17,0.77,0.00,0.13,2.17,0.13,1.15,12.13,4.21
656,Max Moerstedt,bundesliga,0.10,0.00,0.10,0.26,0.26,0.08,1.03,1.85,6.68,2.77,1.13,0.04,0.09,0.07,1.13,0.21,0.00,2.77,0.21,1.13,16.95,6.47
657,Nelson Weiper,bundesliga,0.39,0.13,0.39,0.53,0.53,0.22,1.81,1.30,8.16,2.72,1.42,0.14,0.20,0.08,1.04,0.00,0.00,1.68,0.13,1.42,21.76,6.22
658,Silas Katompa,bundesliga,0.52,0.13,0.52,0.23,0.23,0.10,2.98,2.59,6.74,2.07,0.91,0.25,0.11,0.13,0.91,0.52,0.13,2.20,0.52,0.91,15.56,4.15
659,Samuel Essende,bundesliga,0.42,0.12,0.42,0.20,0.20,0.07,1.87,1.02,6.69,2.29,0.78,0.18,0.09,0.08,0.54,0.00,0.06,1.39,0.18,0.78,14.70,4.94
660,Paul Wanner,bundesliga,0.17,0.06,0.11,0.20,0.15,0.06,1.41,3.34,3.22,1.30,0.28,0.09,0.12,0.10,0.96,0.23,0.17,2.60,0.34,0.28,17.31,2.26
661,Jamie Gittens,bundesliga,0.40,0.13,0.40,0.19,0.19,0.13,5.75,2.04,9.19,2.77,1.04,0.14,0.07,0.22,1.14,0.17,0.30,3.64,0.47,1.04,25.50,5.68
662,Steven Skrzybski,bundesliga,0.53,0.18,0.44,0.30,0.23,0.16,1.40,4.21,5.00,2.37,0.97,0.19,0.10,0.23,1.49,0.26,0.53,3.51,0.26,0.97,15.89,3.51
663,Benedikt Pichler,bundesliga,0.12,0.23,0.12,0.26,0.26,0.13,1.98,2.10,6.52,2.10,0.93,0.06,0.12,0.13,1.40,0.23,0.23,3.38,0.35,0.93,14.67,4.54
664,Frans Kratzig,bundesliga,0.09,0.18,0.09,0.04,0.04,0.12,1.61,2.42,3.94,0.63,0.27,0.14,0.07,0.12,1.79,0.09,0.36,2.96,0.18,0.27,15.51,1.88
665,Florian Wirtz,bundesliga,0.48,0.33,0.39,0.39,0.27,0.27,4.48,6.82,10.85,2.88,1.36,0.14,0.09,0.35,2.52,0.97,0.24,5.64,0.70,1.36,43.39,5.52
666,Danel Sinani,bundesliga,0.19,0.19,0.19,0.13,0.13,0.20,0.87,4.43,4.72,2.89,1.06,0.07,0.05,0.15,1.54,0.29,0.19,4.34,0.29,1.06,22.84,2.22
667,Marvin Ducksch,bundesliga,0.30,0.41,0.22,0.43,0.34,0.31,0.81,3.07,5.81,2.93,1.07,0.08,0.12,0.32,2.04,0.22,0.30,3.63,0.52,1.07,20.93,4.33
668,Amine Adli,bundesliga,0.29,0.07,0.29,0.32,0.32,0.15,3.40,3.48,10.86,2.61,1.16,0.11,0.12,0.22,1.38,0.07,0.36,3.62,0.22,1.16,31.13,5.86
669,Kingsley Coman,bundesliga,0.34,0.23,0.34,0.29,0.29,0.22,4.47,3.38,14.86,3.15,1.26,0.11,0.09,0.28,2.35,0.11,0.52,6.02,0.86,1.26,36.48,6.37
670,Adrian Beck,bundesliga,0.14,0.07,0.14,0.17,0.17,0.07,1.80,4.09,4.79,2.15,0.56,0.06,0.08,0.12,1.11,0.00,0.28,3.26,0.21,0.56,17.76,2.91
671,Kevin Stoger,bundesliga,0.25,0.20,0.15,0.22,0.14,0.37,2.37,7.12,5.35,1.62,0.40,0.09,0.08,0.28,3.84,0.81,0.35,7.17,0.56,0.40,28.48,2.53
672,Lois Openda,bundesliga,0.30,0.22,0.30,0.34,0.32,0.14,1.96,1.52,7.92,2.81,1.08,0.11,0.12,0.09,1.02,0.08,0.06,2.37,0.44,1.08,16.96,5.27
673,Johannes Eggestein,bundesliga,0.15,0.20,0.10,0.23,0.15,0.10,1.23,2.12,6.66,1.68,0.49,0.06,0.09,0.06,1.18,0.20,0.10,2.12,0.20,0.49,14.71,3.75
674,Morgan Guilavogui,bundesliga,0.30,0.06,0.30,0.36,0.36,0.11,1.98,2.22,7.08,2.16,0.72,0.14,0.17,0.14,1.50,0.06,0.18,2.76,0.12,0.72,19.80,5.40
675,Arne Engels,bundesliga,0.10,0.29,0.00,0.27,0.12,0.19,1.26,3.39,3.69,1.45,0.48,0.00,0.09,0.15,1.75,0.29,0.10,2.62,0.39,0.48,18.81,1.65
676,Dennis Geiger,bundesliga,0.00,0.13,0.00,0.01,0.01,0.06,1.77,5.55,2.65,0.50,0.13,0.00,0.03,0.10,1.26,0.25,0.13,3.41,0.38,0.13,13.25,1.14
677,Serhou Guirassy,bundesliga,0.78,0.22,0.61,0.81,0.65,0.18,0.90,1.59,4.90,3.02,1.32,0.20,0.22,0.13,1.12,0.29,0.02,2.24,0.41,1.32,13.71,5.24
678,Mergim Berisha,bundesliga,0.17,0.17,0.17,0.30,0.30,0.17,1.40,1.57,5.42,3.32,0.87,0.05,0.09,0.09,0.52,0.52,0.00,1.75,0.17,0.87,11.71,3.84
679,Omar Marmoush,bundesliga,0.75,0.32,0.60,0.57,0.46,0.25,3.56,2.78,7.57,4.13,1.72,0.15,0.11,0.20,1.89,0.32,0.20,4.88,0.83,1.72,26.42,6.05
680,Martin Terrier,bundesliga,0.29,0.29,0.29,0.35,0.35,0.12,1.27,1.85,5.46,2.34,1.07,0.13,0.15,0.18,0.98,0.20,0.10,2.73,0.49,1.07,17.75,5.07
681,Jonathan Burkardt,bundesliga,0.72,0.09,0.68,0.60,0.57,0.15,1.36,1.70,6.73,2.72,1.15,0.25,0.21,0.12,0.98,0.09,0.26,2.47,0.30,1.15,16.31,4.85
682,Jean Matteo Bahoya,bundesliga,0.23,0.23,0.23,0.21,0.21,0.19,2.87,3.03,9.09,1.16,0.47,0.20,0.18,0.16,1.79,0.08,0.47,3.65,0.54,0.47,20.81,3.65
683,Hugo Ekitike,bundesliga,0.56,0.24,0.54,0.66,0.59,0.23,2.96,1.80,7.44,3.84,1.45,0.14,0.15,0.20,1.61,0.30,0.16,3.57,0.56,1.45,20.34,6.90
684,Benjamin Sesko,bundesliga,0.61,0.15,0.52,0.42,0.35,0.07,1.50,1.44,4.92,2.60,1.19,0.20,0.14,0.07,0.70,0.12,0.00,1.74,0.24,1.19,13.56,3.82
685,Gerrit Holtmann,bundesliga,0.08,0.08,0.08,0.16,0.16,0.21,3.62,2.71,7.23,2.30,0.41,0.04,0.07,0.23,1.48,0.00,1.23,3.53,0.25,0.41,21.37,2.14
686,Oladapo Afolayan,bundesliga,0.18,0.06,0.18,0.18,0.18,0.22,3.08,1.81,5.98,2.05,0.72,0.09,0.09,0.20,1.21,0.00,0.54,2.96,0.36,0.72,19.86,3.32
687,Roland Sallai,bundesliga,0.32,0.00,0.32,0.34,0.21,0.15,2.75,3.07,6.46,2.59,0.81,0.13,0.08,0.11,1.13,0.16,0.32,3.07,0.16,0.81,21.01,2.42
688,Umut Tohumcu,bundesliga,0.12,0.12,0.12,0.05,0.05,0.09,0.99,3.58,1.60,1.36,0.49,0.09,0.03,0.06,1.23,0.25,0.25,2.10,0.25,0.49,9.38,0.37
689,Jordan Pefok,bundesliga,0.08,0.08,0.08,0.31,0.31,0.07,0.24,1.29,4.03,2.34,0.64,0.03,0.13,0.04,1.21,0.00,0.00,2.18,0.00,0.64,11.04,4.35
690,Ridle Baku,bundesliga,0.11,0.11,0.11,0.11,0.11,0.07,1.31,2.93,6.29,1.38,0.39,0.08,0.08,0.11,0.88,0.18,0.32,2.26,0.32,0.39,19.51,2.51
691,Jeong Woo yeong,bundesliga,0.33,0.20,0.33,0.21,0.21,0.15,2.53,4.32,6.85,1.93,0.60,0.17,0.11,0.15,1.33,0.13,0.33,3.46,0.33,0.60,21.49,2.59
692,Leroy Sane,bundesliga,0.45,0.16,0.45,0.45,0.45,0.21,3.89,3.57,14.75,3.57,1.38,0.13,0.13,0.25,1.66,0.20,0.24,4.01,0.49,1.38,40.12,6.56
693,Marius Bulter,bundesliga,0.25,0.10,0.25,0.17,0.17,0.19,2.88,2.33,7.80,1.79,0.70,0.14,0.10,0.24,1.24,0.25,0.70,2.93,0.35,0.70,19.77,4.22
694,Can Uzun,bundesliga,0.47,0.19,0.47,0.32,0.32,0.17,1.41,5.44,6.00,3.28,1.22,0.14,0.10,0.16,1.88,0.47,0.38,4.69,0.28,1.22,25.13,4.13
695,Elye Wahi,bundesliga,0.44,0.18,0.35,0.91,0.84,0.19,1.50,1.15,7.86,3.27,1.24,0.11,0.26,0.08,0.97,0.00,0.09,2.65,0.35,1.24,12.81,6.01
696,Oliver Burke,bundesliga,0.63,0.00,0.63,0.44,0.44,0.15,1.51,1.88,7.66,3.39,1.13,0.19,0.13,0.09,1.38,0.00,0.25,3.14,0.25,1.13,22.59,7.28
697,Tim Skarke,bundesliga,0.00,0.13,0.00,0.17,0.17,0.11,2.45,2.05,7.35,1.92,0.66,0.00,0.09,0.12,1.32,0.00,0.66,2.71,0.26,0.66,16.54,2.65
698,Julian Ryerson,bundesliga,0.03,0.08,0.03,0.02,0.02,0.16,2.30,3.48,4.88,0.58,0.22,0.05,0.04,0.18,1.34,0.05,0.74,2.30,0.22,0.22,18.05,1.10
699,Deniz Undav,bundesliga,0.42,0.17,0.42,0.53,0.53,0.17,1.78,4.03,7.43,4.16,1.70,0.10,0.13,0.14,1.27,0.17,0.13,3.31,0.42,1.70,19.43,6.11
700,Nathan Tella,bundesliga,0.16,0.11,0.16,0.20,0.20,0.07,2.78,1.93,9.10,1.93,0.59,0.08,0.11,0.10,1.07,0.11,0.16,2.57,0.32,0.59,20.87,4.60
701,Mohamed Amoura,bundesliga,0.41,0.33,0.33,0.34,0.28,0.15,3.01,2.24,9.15,2.64,0.98,0.12,0.11,0.14,1.30,0.37,0.16,2.93,0.49,0.98,22.62,4.80
702,Gift Orban,bundesliga,0.53,0.00,0.53,0.43,0.43,0.03,0.89,1.16,4.89,1.51,0.62,0.35,0.28,0.09,0.36,0.09,0.09,1.33,0.18,0.62,12.90,3.20
703,Tiago Tomas,bundesliga,0.29,0.05,0.29,0.26,0.26,0.12,1.50,2.23,5.96,2.03,1.02,0.14,0.13,0.07,0.97,0.24,0.10,2.62,0.39,1.02,16.37,3.78
704,Steve Mounie,bundesliga,0.14,0.00,0.14,0.53,0.53,0.13,1.82,2.38,6.73,4.07,1.40,0.03,0.14,0.08,0.98,0.00,0.28,2.24,0.42,1.40,18.64,6.45
705,Noah Weisshaupt,bundesliga,0.08,0.00,0.08,0.15,0.15,0.15,3.84,2.86,8.00,1.31,0.24,0.06,0.11,0.15,1.39,0.08,0.90,3.75,0.16,0.24,22.77,3.59
706,Ricky van Wolfswinkel,eredivisie,0.22,0.00,0.00,0.42,0.17,0.02,0.43,1.74,1.74,1.41,0.22,0.00,0.12,0.02,0.43,0.00,0.00,1.20,0.22,0.22,10.76,2.72
707,Troy Parrott,eredivisie,0.42,0.11,0.21,0.55,0.38,0.32,1.05,3.37,6.53,2.11,0.74,0.10,0.18,0.22,2.11,0.42,0.00,3.69,0.32,0.74,17.81,4.95
708,Bertrand Traore,eredivisie,0.41,0.21,0.41,0.28,0.28,0.11,2.69,4.24,9.72,3.31,1.34,0.13,0.08,0.12,0.83,0.21,0.00,2.79,0.62,1.34,24.00,4.45
709,Sayfallah Ltaief,eredivisie,0.19,0.00,0.19,0.09,0.09,0.23,5.25,3.94,10.69,1.69,0.75,0.11,0.06,0.17,0.94,0.19,0.56,2.63,0.00,0.75,27.00,3.94
710,Santiago Gimenez,eredivisie,0.71,0.18,0.62,0.63,0.49,0.09,1.50,1.06,4.32,2.47,1.15,0.25,0.20,0.06,0.88,0.18,0.09,2.03,0.35,1.15,12.08,4.32
711,Igor Paixao,eredivisie,0.20,0.39,0.20,0.10,0.10,0.24,2.16,1.76,5.29,2.16,0.69,0.09,0.05,0.14,1.96,0.20,0.10,3.24,0.78,0.69,15.49,2.65
712,Brian Brobbey,eredivisie,0.35,0.53,0.35,0.63,0.63,0.37,1.58,1.93,5.26,2.98,1.58,0.12,0.22,0.28,2.46,0.00,0.00,3.68,0.70,1.58,14.04,5.79
713,Johan Bakayoko,eredivisie,0.21,0.10,0.21,0.19,0.19,0.18,6.29,2.52,12.90,2.83,1.05,0.07,0.07,0.13,1.89,0.00,0.63,3.67,0.42,1.05,30.00,5.45
714,Noa Lang,eredivisie,0.26,0.26,0.13,0.29,0.18,0.15,6.47,5.94,9.24,2.64,0.92,0.05,0.07,0.20,1.98,0.26,0.13,5.15,0.53,0.92,33.39,5.15
715,Chuba Akpom,eredivisie,0.35,0.00,0.35,0.47,0.38,0.08,1.62,1.50,5.89,2.66,1.73,0.13,0.14,0.07,0.81,0.00,0.00,2.31,0.35,1.73,13.63,4.97
716,Malik Tillman,eredivisie,0.51,0.34,0.51,0.08,0.08,0.24,1.35,5.57,5.23,1.86,0.84,0.27,0.05,0.14,3.55,0.34,0.51,6.08,0.68,0.84,24.82,2.03
717,Mika Godts,eredivisie,0.46,0.31,0.46,0.34,0.34,0.11,3.37,2.14,7.19,1.84,1.07,0.25,0.18,0.12,1.07,0.46,0.00,2.14,0.46,1.07,19.44,3.37
718,Luuk de Jong,eredivisie,0.20,0.10,0.20,0.37,0.37,0.15,0.10,1.59,4.28,2.49,0.90,0.08,0.15,0.07,1.59,0.00,0.00,2.89,0.20,0.90,16.03,5.58
719,Anis Hadj Moussa,eredivisie,0.34,0.00,0.34,0.08,0.08,0.06,4.48,3.45,8.28,1.03,0.57,0.33,0.08,0.09,0.92,0.11,0.11,2.76,0.34,0.57,20.80,3.91
720,Ernest Poku,eredivisie,0.00,0.13,0.00,0.30,0.30,0.16,4.92,1.30,6.86,2.46,0.78,0.00,0.12,0.17,1.30,0.00,0.13,3.76,0.39,0.78,21.37,6.22
